{"serial_timesteps": 2048, "nupdates": 1, "total_timesteps": 2048, "fps": 307, "explained_variance": -5.352497100830078e-05, "eprewmean": -253.59177344444444, "eplenmean": 109.22222222222223, "time_elapsed": 6.662296772003174, "policy_loss": -0.004420564975589514, "value_loss": 1101.682373046875, "policy_entropy": 2.8313987255096436, "approxkl": 0.003995765931904316, "clipfrac": 0.03593749925494194}
