{"serial_timesteps": 2048, "nupdates": 1, "total_timesteps": 2048, "fps": 161, "explained_variance": -5.352497100830078e-05, "eprewmean": -253.59175400000004, "eplenmean": 109.22222222222223, "time_elapsed": 12.669668197631836, "policy_loss": -0.004420565441250801, "value_loss": 1101.6824951171875, "policy_entropy": 2.831399440765381, "approxkl": 0.003995766397565603, "clipfrac": 0.03593749925494194}
