{"serial_timesteps": 2048, "nupdates": 1, "total_timesteps": 2048, "fps": 33, "explained_variance": 0.0004990100860595703, "eprewmean": -308.0171198235294, "eplenmean": 119.23529411764706, "time_elapsed": 61.46914601325989, "policy_loss": -0.005053950939327478, "value_loss": 1276.48828125, "policy_entropy": 2.8333046436309814, "approxkl": 0.003911204636096954, "clipfrac": 0.03657226637005806}
{"serial_timesteps": 4096, "nupdates": 2, "total_timesteps": 4096, "fps": 194, "explained_variance": 0.00046950578689575195, "eprewmean": -259.04741817647056, "eplenmean": 119.76470588235294, "time_elapsed": 72.32554411888123, "policy_loss": -0.005691572092473507, "value_loss": 693.2471923828125, "policy_entropy": 2.834017515182495, "approxkl": 0.00404189620167017, "clipfrac": 0.04868163913488388}
