{"serial_timesteps": 2048, "nupdates": 1, "total_timesteps": 2048, "fps": 55, "explained_variance": 0.004393935203552246, "eprewmean": -249.47573725, "eplenmean": 123.5625, "time_elapsed": 37.221911907196045, "policy_loss": -0.0060960352420806885, "value_loss": 1037.6610107421875, "policy_entropy": 2.847090721130371, "approxkl": 0.003898034570738673, "clipfrac": 0.04165039211511612}
{"serial_timesteps": 4096, "nupdates": 2, "total_timesteps": 4096, "fps": 56, "explained_variance": -0.009706377983093262, "eprewmean": -232.77888961764708, "eplenmean": 118.41176470588235, "time_elapsed": 76.43854236602783, "policy_loss": -0.0032617028336972, "value_loss": 862.2394409179688, "policy_entropy": 2.868722915649414, "approxkl": 0.0026243734173476696, "clipfrac": 0.02631836012005806}
{"serial_timesteps": 6144, "nupdates": 3, "total_timesteps": 6144, "fps": 50, "explained_variance": 0.00466543436050415, "eprewmean": -226.8472870204082, "eplenmean": 125.20408163265306, "time_elapsed": 119.97587609291077, "policy_loss": -0.002535713603720069, "value_loss": 621.0558471679688, "policy_entropy": 2.891521692276001, "approxkl": 0.002404776867479086, "clipfrac": 0.02314453199505806}
{"serial_timesteps": 8192, "nupdates": 4, "total_timesteps": 8192, "fps": 51, "explained_variance": -0.0022488832473754883, "eprewmean": -202.81475862121212, "eplenmean": 123.42424242424242, "time_elapsed": 162.32506203651428, "policy_loss": -0.0031629749573767185, "value_loss": 438.1482849121094, "policy_entropy": 2.8920397758483887, "approxkl": 0.0029649920761585236, "clipfrac": 0.02734375}
{"serial_timesteps": 10240, "nupdates": 5, "total_timesteps": 10240, "fps": 47, "explained_variance": 0.0016366839408874512, "eprewmean": -196.74554106329114, "eplenmean": 127.27848101265823, "time_elapsed": 208.19628429412842, "policy_loss": -0.0028891293331980705, "value_loss": 505.497802734375, "policy_entropy": 2.8868768215179443, "approxkl": 0.0009663378004916012, "clipfrac": 0.0031250000465661287}
{"serial_timesteps": 12288, "nupdates": 6, "total_timesteps": 12288, "fps": 42, "explained_variance": 0.004109084606170654, "eprewmean": -187.4479825232558, "eplenmean": 142.08139534883722, "time_elapsed": 259.0714111328125, "policy_loss": -0.003255413845181465, "value_loss": 198.9970703125, "policy_entropy": 2.889237880706787, "approxkl": 0.0017079885583370924, "clipfrac": 0.013720703311264515}
