{"serial_timesteps": 2048, "nupdates": 1, "total_timesteps": 2048, "fps": 94, "explained_variance": -0.09485805034637451, "eprewmean": -153.265432, "eplenmean": 2000.0, "time_elapsed": 21.69976043701172, "policy_loss": -0.01513895858079195, "value_loss": 0.8983845710754395, "policy_entropy": 5.646581649780273, "approxkl": 0.008700885809957981, "clipfrac": 0.12319336086511612}
{"serial_timesteps": 4096, "nupdates": 2, "total_timesteps": 4096, "fps": 91, "explained_variance": -0.23706507682800293, "eprewmean": -143.302809, "eplenmean": 2000.0, "time_elapsed": 45.73445272445679, "policy_loss": -0.013239179737865925, "value_loss": 0.5686944723129272, "policy_entropy": 5.595970153808594, "approxkl": 0.008048652671277523, "clipfrac": 0.11611328274011612}
{"serial_timesteps": 6144, "nupdates": 3, "total_timesteps": 6144, "fps": 85, "explained_variance": -0.0007001161575317383, "eprewmean": -132.481527, "eplenmean": 1522.75, "time_elapsed": 71.19156646728516, "policy_loss": -0.005625748075544834, "value_loss": 22.004383087158203, "policy_entropy": 5.570333480834961, "approxkl": 0.0042135934345424175, "clipfrac": 0.05283202975988388}
{"serial_timesteps": 8192, "nupdates": 4, "total_timesteps": 8192, "fps": 81, "explained_variance": 0.004864394664764404, "eprewmean": -130.0577175, "eplenmean": 1362.8333333333333, "time_elapsed": 97.95826745033264, "policy_loss": -0.008375098928809166, "value_loss": 23.250049591064453, "policy_entropy": 5.567490577697754, "approxkl": 0.007282658014446497, "clipfrac": 0.10234375298023224}
{"serial_timesteps": 10240, "nupdates": 5, "total_timesteps": 10240, "fps": 76, "explained_variance": 0.19309121370315552, "eprewmean": -129.31312914285715, "eplenmean": 1453.857142857143, "time_elapsed": 126.4592707157135, "policy_loss": -0.013462966307997704, "value_loss": 0.5019711256027222, "policy_entropy": 5.5598273277282715, "approxkl": 0.00868849828839302, "clipfrac": 0.12729492783546448}
{"serial_timesteps": 12288, "nupdates": 6, "total_timesteps": 12288, "fps": 74, "explained_variance": 0.0056615471839904785, "eprewmean": -121.85101450000002, "eplenmean": 1042.7, "time_elapsed": 156.98410892486572, "policy_loss": -0.010292122140526772, "value_loss": 57.044212341308594, "policy_entropy": 5.556357383728027, "approxkl": 0.005946076475083828, "clipfrac": 0.07426758110523224}
{"serial_timesteps": 14336, "nupdates": 7, "total_timesteps": 14336, "fps": 75, "explained_variance": 0.014577686786651611, "eprewmean": -115.89407394117647, "eplenmean": 753.1764705882352, "time_elapsed": 186.05108523368835, "policy_loss": -0.006639506667852402, "value_loss": 124.4660415649414, "policy_entropy": 5.591013431549072, "approxkl": 0.00417568301782012, "clipfrac": 0.04804687574505806}
{"serial_timesteps": 16384, "nupdates": 8, "total_timesteps": 16384, "fps": 72, "explained_variance": 0.6195175647735596, "eprewmean": -116.7619603888889, "eplenmean": 822.4444444444445, "time_elapsed": 216.3242540359497, "policy_loss": -0.012641280889511108, "value_loss": 0.206401064991951, "policy_entropy": 5.57018518447876, "approxkl": 0.009105885401368141, "clipfrac": 0.12558594346046448}
{"serial_timesteps": 18432, "nupdates": 9, "total_timesteps": 18432, "fps": 69, "explained_variance": -0.00019812583923339844, "eprewmean": -115.89742266666667, "eplenmean": 714.4583333333334, "time_elapsed": 248.40386271476746, "policy_loss": -0.00818420946598053, "value_loss": 105.33966064453125, "policy_entropy": 5.5332112312316895, "approxkl": 0.00450304988771677, "clipfrac": 0.04677734524011612}
{"serial_timesteps": 20480, "nupdates": 10, "total_timesteps": 20480, "fps": 65, "explained_variance": 0.052375972270965576, "eprewmean": -116.73616914814814, "eplenmean": 715.7407407407408, "time_elapsed": 282.15116024017334, "policy_loss": -0.006132754031568766, "value_loss": 42.38105773925781, "policy_entropy": 5.544550895690918, "approxkl": 0.004400304518640041, "clipfrac": 0.04765624925494194}
{"serial_timesteps": 22528, "nupdates": 11, "total_timesteps": 22528, "fps": 62, "explained_variance": 0.02350407838821411, "eprewmean": -116.69070545238094, "eplenmean": 521.5952380952381, "time_elapsed": 317.6362512111664, "policy_loss": -0.007934881374239922, "value_loss": 303.1302185058594, "policy_entropy": 5.5732598304748535, "approxkl": 0.005347892642021179, "clipfrac": 0.0654296875}
{"serial_timesteps": 24576, "nupdates": 12, "total_timesteps": 24576, "fps": 61, "explained_variance": 0.10812109708786011, "eprewmean": -116.79340653333331, "eplenmean": 535.9555555555555, "time_elapsed": 354.17867040634155, "policy_loss": -0.004321520682424307, "value_loss": 37.02660369873047, "policy_entropy": 5.610597133636475, "approxkl": 0.004171524662524462, "clipfrac": 0.04472656175494194}
{"serial_timesteps": 26624, "nupdates": 13, "total_timesteps": 26624, "fps": 56, "explained_variance": 0.04718571901321411, "eprewmean": -117.1811590625, "eplenmean": 547.4583333333334, "time_elapsed": 393.603702545166, "policy_loss": -0.007796329911798239, "value_loss": 41.65357971191406, "policy_entropy": 5.627524375915527, "approxkl": 0.005803837440907955, "clipfrac": 0.07124023139476776}
{"serial_timesteps": 28672, "nupdates": 14, "total_timesteps": 28672, "fps": 54, "explained_variance": 0.02914893627166748, "eprewmean": -117.21604448, "eplenmean": 566.88, "time_elapsed": 434.449275970459, "policy_loss": -0.005833086557686329, "value_loss": 20.949039459228516, "policy_entropy": 5.660717010498047, "approxkl": 0.0052107288502156734, "clipfrac": 0.06484375149011612}
{"serial_timesteps": 30720, "nupdates": 15, "total_timesteps": 30720, "fps": 52, "explained_variance": 0.04667055606842041, "eprewmean": -118.62352088679243, "eplenmean": 578.1509433962265, "time_elapsed": 477.15514087677, "policy_loss": -0.010650305077433586, "value_loss": 55.931671142578125, "policy_entropy": 5.6882524490356445, "approxkl": 0.009401918388903141, "clipfrac": 0.12690429389476776}
{"serial_timesteps": 32768, "nupdates": 16, "total_timesteps": 32768, "fps": 49, "explained_variance": 0.029363036155700684, "eprewmean": -118.43046317460318, "eplenmean": 518.5714285714286, "time_elapsed": 522.5723128318787, "policy_loss": -0.0036025538574904203, "value_loss": 192.05685424804688, "policy_entropy": 5.7022552490234375, "approxkl": 0.005389923695474863, "clipfrac": 0.07001952826976776}
{"serial_timesteps": 34816, "nupdates": 17, "total_timesteps": 34816, "fps": 49, "explained_variance": 0.05259734392166138, "eprewmean": -118.09248513636363, "eplenmean": 527.1060606060606, "time_elapsed": 568.065333366394, "policy_loss": -0.010082196444272995, "value_loss": 38.68624496459961, "policy_entropy": 5.711887359619141, "approxkl": 0.006968430243432522, "clipfrac": 0.08935546875}
{"serial_timesteps": 36864, "nupdates": 18, "total_timesteps": 36864, "fps": 49, "explained_variance": 0.03640782833099365, "eprewmean": -117.64168230136988, "eplenmean": 496.83561643835617, "time_elapsed": 614.0312390327454, "policy_loss": -0.008633148856461048, "value_loss": 131.9830780029297, "policy_entropy": 5.700340270996094, "approxkl": 0.005377815570682287, "clipfrac": 0.06308593600988388}
