{"serial_timesteps": 2048, "nupdates": 1, "total_timesteps": 2048, "fps": 75, "explained_variance": -0.005246877670288086, "eprewmean": -105.104242, "eplenmean": 72.0, "time_elapsed": 27.081998825073242, "policy_loss": -0.013291257433593273, "value_loss": 22.32233428955078, "policy_entropy": 5.650519371032715, "approxkl": 0.010373035445809364, "clipfrac": 0.151123046875}
{"serial_timesteps": 4096, "nupdates": 2, "total_timesteps": 4096, "fps": 71, "explained_variance": -0.0022614002227783203, "eprewmean": -117.64149833333333, "eplenmean": 710.6666666666666, "time_elapsed": 57.94000458717346, "policy_loss": -0.009335940703749657, "value_loss": 19.988998413085938, "policy_entropy": 5.6284589767456055, "approxkl": 0.006955370306968689, "clipfrac": 0.08774413913488388}
{"serial_timesteps": 6144, "nupdates": 3, "total_timesteps": 6144, "fps": 70, "explained_variance": -0.00429081916809082, "eprewmean": -118.89033733333333, "eplenmean": 714.0, "time_elapsed": 88.99686360359192, "policy_loss": -0.01279554795473814, "value_loss": 45.24878692626953, "policy_entropy": 5.633406639099121, "approxkl": 0.006741540040820837, "clipfrac": 0.08173827826976776}
{"serial_timesteps": 8192, "nupdates": 4, "total_timesteps": 8192, "fps": 65, "explained_variance": 0.019983351230621338, "eprewmean": -117.70915888235292, "eplenmean": 480.94117647058823, "time_elapsed": 122.16140604019165, "policy_loss": -0.011916151270270348, "value_loss": 209.9425811767578, "policy_entropy": 5.652338981628418, "approxkl": 0.006382719613611698, "clipfrac": 0.08017577975988388}
{"serial_timesteps": 10240, "nupdates": 5, "total_timesteps": 10240, "fps": 64, "explained_variance": 0.40052735805511475, "eprewmean": -118.29934405555554, "eplenmean": 565.3333333333334, "time_elapsed": 156.3322262763977, "policy_loss": -0.010961090214550495, "value_loss": 0.25499963760375977, "policy_entropy": 5.588644981384277, "approxkl": 0.007455301471054554, "clipfrac": 0.09458007663488388}
{"serial_timesteps": 12288, "nupdates": 6, "total_timesteps": 12288, "fps": 61, "explained_variance": -0.07266247272491455, "eprewmean": -118.74749279999999, "eplenmean": 613.2, "time_elapsed": 193.098158121109, "policy_loss": -0.006337215192615986, "value_loss": 21.58112335205078, "policy_entropy": 5.536179542541504, "approxkl": 0.004270973615348339, "clipfrac": 0.04130859300494194}
{"serial_timesteps": 14336, "nupdates": 7, "total_timesteps": 14336, "fps": 58, "explained_variance": 0.028212785720825195, "eprewmean": -121.99231154545454, "eplenmean": 638.3636363636364, "time_elapsed": 230.6679654121399, "policy_loss": -0.007550087757408619, "value_loss": 39.82160568237305, "policy_entropy": 5.557073593139648, "approxkl": 0.007050550077110529, "clipfrac": 0.095458984375}
{"serial_timesteps": 16384, "nupdates": 8, "total_timesteps": 16384, "fps": 55, "explained_variance": 0.08256763219833374, "eprewmean": -122.17307583333333, "eplenmean": 671.8333333333334, "time_elapsed": 270.7148027420044, "policy_loss": -0.007687853183597326, "value_loss": 21.16122055053711, "policy_entropy": 5.580344200134277, "approxkl": 0.005143233574926853, "clipfrac": 0.06005859375}
{"serial_timesteps": 18432, "nupdates": 9, "total_timesteps": 18432, "fps": 53, "explained_variance": 0.11768794059753418, "eprewmean": -122.492995, "eplenmean": 724.96, "time_elapsed": 311.96058416366577, "policy_loss": -0.004980708006769419, "value_loss": 0.148788720369339, "policy_entropy": 5.593088150024414, "approxkl": 0.005591895896941423, "clipfrac": 0.06601562350988388}
{"serial_timesteps": 20480, "nupdates": 10, "total_timesteps": 20480, "fps": 50, "explained_variance": 0.18977248668670654, "eprewmean": -122.12451992307692, "eplenmean": 774.0, "time_elapsed": 355.9302978515625, "policy_loss": -0.00454520620405674, "value_loss": 0.10293016582727432, "policy_entropy": 5.550746917724609, "approxkl": 0.005333669949322939, "clipfrac": 0.05830078199505806}
{"serial_timesteps": 22528, "nupdates": 11, "total_timesteps": 22528, "fps": 50, "explained_variance": 0.02857118844985962, "eprewmean": -121.2578138888889, "eplenmean": 624.5, "time_elapsed": 400.19190073013306, "policy_loss": -0.008881441317498684, "value_loss": 201.99554443359375, "policy_entropy": 5.516505718231201, "approxkl": 0.007870173081755638, "clipfrac": 0.10654296725988388}
{"serial_timesteps": 24576, "nupdates": 12, "total_timesteps": 24576, "fps": 50, "explained_variance": 0.07059323787689209, "eprewmean": -122.48767221052633, "eplenmean": 630.2894736842105, "time_elapsed": 444.525333404541, "policy_loss": -0.0064673833549022675, "value_loss": 37.884403228759766, "policy_entropy": 5.517931938171387, "approxkl": 0.0035047598648816347, "clipfrac": 0.02973632887005806}
{"serial_timesteps": 26624, "nupdates": 13, "total_timesteps": 26624, "fps": 72, "explained_variance": -0.09163165092468262, "eprewmean": -122.53626800000002, "eplenmean": 650.3, "time_elapsed": 476.441437959671, "policy_loss": -0.007030939217656851, "value_loss": 23.453275680541992, "policy_entropy": 5.533897876739502, "approxkl": 0.005847862921655178, "clipfrac": 0.07265625149011612}
