{"serial_timesteps": 2048, "nupdates": 1, "total_timesteps": 2048, "fps": 389, "explained_variance": 0.014594852924346924, "eprewmean": -109.47953899999999, "eplenmean": 315.6666666666667, "time_elapsed": 5.259115695953369, "policy_loss": -0.013627147302031517, "value_loss": 113.12980651855469, "policy_entropy": 5.6700263023376465, "approxkl": 0.00725231459364295, "clipfrac": 0.09174804389476776}
{"serial_timesteps": 4096, "nupdates": 2, "total_timesteps": 4096, "fps": 343, "explained_variance": -0.20440685749053955, "eprewmean": -110.05082128571428, "eplenmean": 499.14285714285717, "time_elapsed": 11.467501401901245, "policy_loss": -0.01241256482899189, "value_loss": 0.6838284730911255, "policy_entropy": 5.66835880279541, "approxkl": 0.008457375690340996, "clipfrac": 0.12211914360523224}
{"serial_timesteps": 6144, "nupdates": 3, "total_timesteps": 6144, "fps": 309, "explained_variance": 0.12681621313095093, "eprewmean": -110.23785137499999, "eplenmean": 636.75, "time_elapsed": 18.47513175010681, "policy_loss": -0.01290888898074627, "value_loss": 0.6623349785804749, "policy_entropy": 5.64092493057251, "approxkl": 0.009295342490077019, "clipfrac": 0.13173827528953552}
{"serial_timesteps": 8192, "nupdates": 4, "total_timesteps": 8192, "fps": 312, "explained_variance": 0.01452559232711792, "eprewmean": -113.15614091666664, "eplenmean": 578.6666666666666, "time_elapsed": 25.405317068099976, "policy_loss": -0.008241793140769005, "value_loss": 69.0987777709961, "policy_entropy": 5.599380970001221, "approxkl": 0.005641094874590635, "clipfrac": 0.07045898586511612}
{"serial_timesteps": 10240, "nupdates": 5, "total_timesteps": 10240, "fps": 306, "explained_variance": 0.004150092601776123, "eprewmean": -112.52121700000001, "eplenmean": 522.8235294117648, "time_elapsed": 32.49606490135193, "policy_loss": -0.008971682749688625, "value_loss": 87.0918197631836, "policy_entropy": 5.6053056716918945, "approxkl": 0.005983058363199234, "clipfrac": 0.07373046875}
{"serial_timesteps": 12288, "nupdates": 6, "total_timesteps": 12288, "fps": 261, "explained_variance": 0.013530850410461426, "eprewmean": -111.26265323809524, "eplenmean": 509.8095238095238, "time_elapsed": 40.915422439575195, "policy_loss": -0.01089896447956562, "value_loss": 65.70002746582031, "policy_entropy": 5.646615028381348, "approxkl": 0.005229484755545855, "clipfrac": 0.064453125}
{"serial_timesteps": 14336, "nupdates": 7, "total_timesteps": 14336, "fps": 247, "explained_variance": -0.014652013778686523, "eprewmean": -110.70842861538462, "eplenmean": 542.1923076923077, "time_elapsed": 49.72742438316345, "policy_loss": -0.009850136004388332, "value_loss": 63.325218200683594, "policy_entropy": 5.651647567749023, "approxkl": 0.007046216167509556, "clipfrac": 0.095947265625}
{"serial_timesteps": 16384, "nupdates": 8, "total_timesteps": 16384, "fps": 243, "explained_variance": 0.0038456320762634277, "eprewmean": -109.10171582142857, "eplenmean": 563.1785714285714, "time_elapsed": 58.80591869354248, "policy_loss": -0.008302180096507072, "value_loss": 20.7523193359375, "policy_entropy": 5.650853157043457, "approxkl": 0.0063242232427001, "clipfrac": 0.07778320461511612}
{"serial_timesteps": 18432, "nupdates": 9, "total_timesteps": 18432, "fps": 221, "explained_variance": 0.03300154209136963, "eprewmean": -109.19272073333333, "eplenmean": 580.4, "time_elapsed": 68.51180696487427, "policy_loss": -0.007425157818943262, "value_loss": 20.826419830322266, "policy_entropy": 5.658600807189941, "approxkl": 0.006819949485361576, "clipfrac": 0.08432617038488388}
{"serial_timesteps": 20480, "nupdates": 10, "total_timesteps": 20480, "fps": 201, "explained_variance": 0.10850828886032104, "eprewmean": -109.41708832258064, "eplenmean": 613.2903225806451, "time_elapsed": 79.4024646282196, "policy_loss": -0.012661993503570557, "value_loss": 0.18935652077198029, "policy_entropy": 5.656829833984375, "approxkl": 0.009437840431928635, "clipfrac": 0.1337890625}
{"serial_timesteps": 22528, "nupdates": 11, "total_timesteps": 22528, "fps": 204, "explained_variance": -0.08154094219207764, "eprewmean": -108.5641426969697, "eplenmean": 673.0909090909091, "time_elapsed": 90.25127172470093, "policy_loss": -0.007444155868142843, "value_loss": 0.19300788640975952, "policy_entropy": 5.618856906890869, "approxkl": 0.005876832641661167, "clipfrac": 0.07021484524011612}
{"serial_timesteps": 24576, "nupdates": 12, "total_timesteps": 24576, "fps": 182, "explained_variance": 0.02405768632888794, "eprewmean": -108.9127725, "eplenmean": 665.6944444444445, "time_elapsed": 102.23574781417847, "policy_loss": -0.005910639651119709, "value_loss": 41.988243103027344, "policy_entropy": 5.626455307006836, "approxkl": 0.006129263900220394, "clipfrac": 0.07792969048023224}
{"serial_timesteps": 26624, "nupdates": 13, "total_timesteps": 26624, "fps": 176, "explained_variance": 0.0240325927734375, "eprewmean": -108.2920794736842, "eplenmean": 675.5, "time_elapsed": 114.88413977622986, "policy_loss": -0.00623337971046567, "value_loss": 19.809356689453125, "policy_entropy": 5.656136512756348, "approxkl": 0.005985291209071875, "clipfrac": 0.07583007961511612}
{"serial_timesteps": 28672, "nupdates": 14, "total_timesteps": 28672, "fps": 156, "explained_variance": 0.23393875360488892, "eprewmean": -108.39662117948718, "eplenmean": 699.2051282051282, "time_elapsed": 128.94098687171936, "policy_loss": -0.008023479022085667, "value_loss": 0.1506325602531433, "policy_entropy": 5.614360332489014, "approxkl": 0.008221922442317009, "clipfrac": 0.1083984375}
{"serial_timesteps": 30720, "nupdates": 15, "total_timesteps": 30720, "fps": 149, "explained_variance": 0.06316888332366943, "eprewmean": -108.74277893023256, "eplenmean": 713.046511627907, "time_elapsed": 143.73136830329895, "policy_loss": -0.004959071520715952, "value_loss": 39.93642044067383, "policy_entropy": 5.558431148529053, "approxkl": 0.0057945530861616135, "clipfrac": 0.06962890923023224}
{"serial_timesteps": 32768, "nupdates": 16, "total_timesteps": 32768, "fps": 136, "explained_variance": 0.02220386266708374, "eprewmean": -108.81559986666667, "eplenmean": 718.5777777777778, "time_elapsed": 160.1075999736786, "policy_loss": -0.009515383280813694, "value_loss": 20.42990493774414, "policy_entropy": 5.557085990905762, "approxkl": 0.007157371379435062, "clipfrac": 0.09101562201976776}
{"serial_timesteps": 34816, "nupdates": 17, "total_timesteps": 34816, "fps": 135, "explained_variance": 0.0266837477684021, "eprewmean": -108.0068644893617, "eplenmean": 727.7234042553191, "time_elapsed": 176.9098072052002, "policy_loss": -0.006130592431873083, "value_loss": 18.45262908935547, "policy_entropy": 5.572299003601074, "approxkl": 0.005945600103586912, "clipfrac": 0.07275390625}
{"serial_timesteps": 36864, "nupdates": 18, "total_timesteps": 36864, "fps": 116, "explained_variance": 0.03017282485961914, "eprewmean": -108.83992262264151, "eplenmean": 683.7735849056604, "time_elapsed": 196.18270659446716, "policy_loss": -0.01028299517929554, "value_loss": 102.3189468383789, "policy_entropy": 5.569735527038574, "approxkl": 0.007111626211553812, "clipfrac": 0.08920898288488388}
{"serial_timesteps": 38912, "nupdates": 19, "total_timesteps": 38912, "fps": 109, "explained_variance": 0.08909130096435547, "eprewmean": -108.90688974545455, "eplenmean": 689.3090909090909, "time_elapsed": 216.69173216819763, "policy_loss": -0.007753818295896053, "value_loss": 18.31269073486328, "policy_entropy": 5.574503421783447, "approxkl": 0.0065330518409609795, "clipfrac": 0.08442382514476776}
{"serial_timesteps": 40960, "nupdates": 20, "total_timesteps": 40960, "fps": 106, "explained_variance": 0.2729954123497009, "eprewmean": -108.82249248214285, "eplenmean": 705.5714285714286, "time_elapsed": 237.9252245426178, "policy_loss": -0.00796559453010559, "value_loss": 0.11542937904596329, "policy_entropy": 5.572486400604248, "approxkl": 0.007493110839277506, "clipfrac": 0.09902343899011612}
{"serial_timesteps": 43008, "nupdates": 21,