{"serial_timesteps": 2048, "nupdates": 1, "total_timesteps": 2048, "fps": 85, "explained_variance": 0.0006098151206970215, "eprewmean": -162.07298, "eplenmean": 2000.0, "time_elapsed": 24.028310537338257, "policy_loss": -0.0193164125084877, "value_loss": 0.908465564250946, "policy_entropy": 5.628144264221191, "approxkl": 0.011231159791350365, "clipfrac": 0.16743163764476776}
{"serial_timesteps": 4096, "nupdates": 2, "total_timesteps": 4096, "fps": 81, "explained_variance": -0.014571309089660645, "eprewmean": -118.43828866666666, "eplenmean": 410.5, "time_elapsed": 51.047301054000854, "policy_loss": -0.00949621107429266, "value_loss": 108.371337890625, "policy_entropy": 5.573769569396973, "approxkl": 0.005039313342422247, "clipfrac": 0.05766601487994194}
{"serial_timesteps": 6144, "nupdates": 3, "total_timesteps": 6144, "fps": 78, "explained_variance": -0.003414154052734375, "eprewmean": -119.39539775, "eplenmean": 563.5, "time_elapsed": 78.98148798942566, "policy_loss": -0.009380380623042583, "value_loss": 24.117328643798828, "policy_entropy": 5.543165683746338, "approxkl": 0.006031033582985401, "clipfrac": 0.077880859375}
{"serial_timesteps": 8192, "nupdates": 4, "total_timesteps": 8192, "fps": 76, "explained_variance": 0.0028513073921203613, "eprewmean": -119.38579810000002, "eplenmean": 661.9, "time_elapsed": 107.55750703811646, "policy_loss": -0.007261226885020733, "value_loss": 21.51041030883789, "policy_entropy": 5.499830722808838, "approxkl": 0.007694602012634277, "clipfrac": 0.10830078274011612}
{"serial_timesteps": 10240, "nupdates": 5, "total_timesteps": 10240, "fps": 74, "explained_variance": -0.01867687702178955, "eprewmean": -119.2999875, "eplenmean": 722.75, "time_elapsed": 136.78005290031433, "policy_loss": -0.010300297290086746, "value_loss": 21.881793975830078, "policy_entropy": 5.496394157409668, "approxkl": 0.006605388130992651, "clipfrac": 0.08144531399011612}
{"serial_timesteps": 12288, "nupdates": 6, "total_timesteps": 12288, "fps": 74, "explained_variance": 0.11794382333755493, "eprewmean": -120.12146361538461, "eplenmean": 821.0, "time_elapsed": 166.9437391757965, "policy_loss": -0.012085989117622375, "value_loss": 0.30435100197792053, "policy_entropy": 5.50236701965332, "approxkl": 0.008005869574844837, "clipfrac": 0.11328125}
{"serial_timesteps": 14336, "nupdates": 7, "total_timesteps": 14336, "fps": 68, "explained_variance": 0.011168301105499268, "eprewmean": -117.9910071304348, "eplenmean": 608.9130434782609, "time_elapsed": 198.98097610473633, "policy_loss": -0.008753206580877304, "value_loss": 190.9042205810547, "policy_entropy": 5.493036270141602, "approxkl": 0.00653810054063797, "clipfrac": 0.08535156399011612}
{"serial_timesteps": 16384, "nupdates": 8, "total_timesteps": 16384, "fps": 67, "explained_variance": 0.01520603895187378, "eprewmean": -115.80214274074075, "eplenmean": 599.6666666666666, "time_elapsed": 231.47805070877075, "policy_loss": -0.008399857208132744, "value_loss": 62.446250915527344, "policy_entropy": 5.527843475341797, "approxkl": 0.005435312166810036, "clipfrac": 0.067138671875}
{"serial_timesteps": 18432, "nupdates": 9, "total_timesteps": 18432, "fps": 63, "explained_variance": 0.043167829513549805, "eprewmean": -116.09034734482759, "eplenmean": 629.0689655172414, "time_elapsed": 265.94912552833557, "policy_loss": -0.007609908934682608, "value_loss": 21.030305862426758, "policy_entropy": 5.548033714294434, "approxkl": 0.005180359352380037, "clipfrac": 0.05429687350988388}
{"serial_timesteps": 20480, "nupdates": 10, "total_timesteps": 20480, "fps": 61, "explained_variance": 0.03796660900115967, "eprewmean": -115.57913976666667, "eplenmean": 674.7666666666667, "time_elapsed": 301.6067736148834, "policy_loss": -0.009896579198539257, "value_loss": 0.13063374161720276, "policy_entropy": 5.547532558441162, "approxkl": 0.005830103997141123, "clipfrac": 0.07333984225988388}
{"serial_timesteps": 22528, "nupdates": 11, "total_timesteps": 22528, "fps": 58, "explained_variance": 0.12564939260482788, "eprewmean": -116.18265706451614, "eplenmean": 717.516129032258, "time_elapsed": 339.29513812065125, "policy_loss": -0.013058789074420929, "value_loss": 0.2636653780937195, "policy_entropy": 5.485869407653809, "approxkl": 0.01005800161510706, "clipfrac": 0.13623046875}
{"serial_timesteps": 24576, "nupdates": 12, "total_timesteps": 24576, "fps": 56, "explained_variance": 0.017482757568359375, "eprewmean": -117.00856937837838, "eplenmean": 663.4054054054054, "time_elapsed": 378.730797290802, "policy_loss": -0.008321614935994148, "value_loss": 122.2332992553711, "policy_entropy": 5.434831142425537, "approxkl": 0.006313799414783716, "clipfrac": 0.08208008110523224}
{"serial_timesteps": 26624, "nupdates": 13, "total_timesteps": 26624, "fps": 53, "explained_variance": 0.27009397745132446, "eprewmean": -117.47982268421052, "eplenmean": 698.578947368421, "time_elapsed": 420.1113338470459, "policy_loss": -0.01112113706767559, "value_loss": 0.16970691084861755, "policy_entropy": 5.402665138244629, "approxkl": 0.0074080815538764, "clipfrac": 0.09965820610523224}
{"serial_timesteps": 28672, "nupdates": 14, "total_timesteps": 28672, "fps": 51, "explained_variance": 0.002496480941772461, "eprewmean": -117.26583316279071, "eplenmean": 654.8837209302326, "time_elapsed": 463.53074836730957, "policy_loss": -0.008038667030632496, "value_loss": 99.20105743408203, "policy_entropy": 5.350443363189697, "approxkl": 0.005757286213338375, "clipfrac": 0.064208984375}
{"serial_timesteps": 30720, "nupdates": 15, "total_timesteps": 30720, "fps": 52, "explained_variance": 0.11849790811538696, "eprewmean": -116.5312603409091, "eplenmean": 685.4545454545455, "time_elapsed": 506.5092649459839, "policy_loss": -0.011060195975005627, "value_loss": 0.19026803970336914, "policy_entropy": 5.326908111572266, "approxkl": 0.010075939819216728, "clipfrac": 0.14121094346046448}
{"serial_timesteps": 32768, "nupdates": 16, "total_timesteps": 32768, "fps": 50, "explained_variance": -0.03803610801696777, "eprewmean": -116.41904263043479, "eplenmean": 700.2391304347826, "time_elapsed": 551.1559126377106, "policy_loss": -0.005918555427342653, "value_loss": 21.417232513427734, "policy_entropy": 5.301234245300293, "approxkl": 0.00860388670116663, "clipfrac": 0.11713866889476776}
{"serial_timesteps": 34816, "nupdates": 17, "total_timesteps": 34816, "fps": 53, "explained_variance": -0.10711300373077393, "eprewmean": -118.50001623404255, "eplenmean": 720.7234042553191, "time_elapsed": 593.4213354587555, "policy_loss": -0.010374600067734718, "value_loss": 24.943172454833984, "policy_entropy": 5.298947334289551, "approxkl": 0.0068580387160182, "clipfrac": 0.08222655951976776}
