{"serial_timesteps": 2048, "nupdates": 1, "total_timesteps": 2048, "fps": 188, "explained_variance": -0.0016635656356811523, "eprewmean": -115.41850525000001, "eplenmean": 452.25, "time_elapsed": 10.844786167144775, "policy_loss": -0.01256028562784195, "value_loss": 67.98976135253906, "policy_entropy": 5.663403511047363, "approxkl": 0.005937495268881321, "clipfrac": 0.072998046875}
{"serial_timesteps": 4096, "nupdates": 2, "total_timesteps": 4096, "fps": 203, "explained_variance": 0.0026012659072875977, "eprewmean": -112.77490150000001, "eplenmean": 589.0, "time_elapsed": 21.47423791885376, "policy_loss": -0.010571615770459175, "value_loss": 21.19735336303711, "policy_entropy": 5.654106140136719, "approxkl": 0.006489039398729801, "clipfrac": 0.08540038764476776}
{"serial_timesteps": 6144, "nupdates": 3, "total_timesteps": 6144, "fps": 195, "explained_variance": 0.013648688793182373, "eprewmean": -109.95773575000001, "eplenmean": 649.875, "time_elapsed": 32.56593322753906, "policy_loss": -0.00946137122809887, "value_loss": 21.09343719482422, "policy_entropy": 5.651387691497803, "approxkl": 0.0060372804291546345, "clipfrac": 0.07504882663488388}
{"serial_timesteps": 8192, "nupdates": 4, "total_timesteps": 8192, "fps": 171, "explained_variance": -0.010532736778259277, "eprewmean": -107.70464944444446, "eplenmean": 755.4444444444445, "time_elapsed": 45.28111982345581, "policy_loss": -0.010043314658105373, "value_loss": 0.7338781952857971, "policy_entropy": 5.6592020988464355, "approxkl": 0.0075416043400764465, "clipfrac": 0.10224609076976776}
{"serial_timesteps": 10240, "nupdates": 5, "total_timesteps": 10240, "fps": 164, "explained_variance": -0.024855732917785645, "eprewmean": -110.15885486666667, "eplenmean": 680.9333333333333, "time_elapsed": 58.43268895149231, "policy_loss": -0.00958609115332365, "value_loss": 92.21925354003906, "policy_entropy": 5.661035537719727, "approxkl": 0.007312667556107044, "clipfrac": 0.09506835788488388}
{"serial_timesteps": 12288, "nupdates": 6, "total_timesteps": 12288, "fps": 152, "explained_variance": 0.36543136835098267, "eprewmean": -109.569002625, "eplenmean": 738.375, "time_elapsed": 73.13674736022949, "policy_loss": -0.008370451629161835, "value_loss": 0.2763887941837311, "policy_entropy": 5.641078948974609, "approxkl": 0.006647044327110052, "clipfrac": 0.09233398735523224}
{"serial_timesteps": 14336, "nupdates": 7, "total_timesteps": 14336, "fps": 142, "explained_variance": 0.05413317680358887, "eprewmean": -111.53687916666667, "eplenmean": 796.4444444444445, "time_elapsed": 88.39347648620605, "policy_loss": -0.00594234187155962, "value_loss": 20.307086944580078, "policy_entropy": 5.625652313232422, "approxkl": 0.0037877659779042006, "clipfrac": 0.03764648362994194}
{"serial_timesteps": 16384, "nupdates": 8, "total_timesteps": 16384, "fps": 128, "explained_variance": -0.027977705001831055, "eprewmean": -112.00426933333331, "eplenmean": 679.125, "time_elapsed": 105.64609503746033, "policy_loss": -0.01230713538825512, "value_loss": 110.8658218383789, "policy_entropy": 5.633736610412598, "approxkl": 0.00740512739866972, "clipfrac": 0.09345702826976776}
{"serial_timesteps": 18432, "nupdates": 9, "total_timesteps": 18432, "fps": 124, "explained_variance": 0.43221551179885864, "eprewmean": -111.79202467999998, "eplenmean": 715.96, "time_elapsed": 123.39074897766113, "policy_loss": -0.012289119884371758, "value_loss": 0.39481547474861145, "policy_entropy": 5.615359783172607, "approxkl": 0.009206215851008892, "clipfrac": 0.12333984673023224}
{"serial_timesteps": 20480, "nupdates": 10, "total_timesteps": 20480, "fps": 115, "explained_variance": 0.05116826295852661, "eprewmean": -114.0711638064516, "eplenmean": 650.3548387096774, "time_elapsed": 142.56344652175903, "policy_loss": -0.008609544485807419, "value_loss": 120.5960922241211, "policy_entropy": 5.557612419128418, "approxkl": 0.006554118357598782, "clipfrac": 0.08754882961511612}
{"serial_timesteps": 22528, "nupdates": 11, "total_timesteps": 22528, "fps": 101, "explained_variance": 0.04669010639190674, "eprewmean": -114.0879678888889, "eplenmean": 622.1388888888889, "time_elapsed": 164.3450493812561, "policy_loss": -0.007443387992680073, "value_loss": 82.29541015625, "policy_entropy": 5.5471367835998535, "approxkl": 0.005659476388245821, "clipfrac": 0.06992187350988388}
{"serial_timesteps": 24576, "nupdates": 12, "total_timesteps": 24576, "fps": 99, "explained_variance": 0.5441237390041351, "eprewmean": -114.21220145945948, "eplenmean": 648.5675675675676, "time_elapsed": 186.68969321250916, "policy_loss": -0.00850815512239933, "value_loss": 0.1977306306362152, "policy_entropy": 5.54627799987793, "approxkl": 0.00607668049633503, "clipfrac": 0.07387695461511612}
{"serial_timesteps": 26624, "nupdates": 13, "total_timesteps": 26624, "fps": 95, "explained_variance": 0.06666898727416992, "eprewmean": -114.60998312195123, "eplenmean": 618.3170731707318, "time_elapsed": 210.1495304107666, "policy_loss": -0.006123785860836506, "value_loss": 79.80948638916016, "policy_entropy": 5.500157356262207, "approxkl": 0.004205869510769844, "clipfrac": 0.04799804836511612}
{"serial_timesteps": 28672, "nupdates": 14, "total_timesteps": 28672, "fps": 83, "explained_variance": -0.003300189971923828, "eprewmean": -113.20281222807016, "eplenmean": 502.96491228070175, "time_elapsed": 236.8487811088562, "policy_loss": -0.007959362119436264, "value_loss": 312.8199157714844, "policy_entropy": 5.501429080963135, "approxkl": 0.004954224918037653, "clipfrac": 0.05546874925494194}
{"serial_timesteps": 30720, "nupdates": 15, "total_timesteps": 30720, "fps": 80, "explained_variance": 0.021427035331726074, "eprewmean": -112.99066948333332, "eplenmean": 506.76666666666665, "time_elapsed": 264.5234851837158, "policy_loss": -0.007401782087981701, "value_loss": 38.830745697021484, "policy_entropy": 5.5192952156066895, "approxkl": 0.006113375537097454, "clipfrac": 0.07778320461511612}
{"serial_timesteps": 32768, "nupdates": 16, "total_timesteps": 32768, "fps": 76, "explained_variance": 0.059803545475006104, "eprewmean": -112.66286626562498, "eplenmean": 487.0625, "time_elapsed": 293.9660265445709, "policy_loss": -0.0071282461285591125, "value_loss": 75.3520736694336, "policy_entropy": 5.522313594818115, "approxkl": 0.00512109836563468, "clipfrac": 0.0595703125}
{"serial_timesteps": 34816, "nupdates": 17, "total_timesteps": 34816, "fps": 71, "explained_variance": 0.07241451740264893, "eprewmean": -112.49551816176469, "eplenmean": 490.4117647058824, "time_elapsed": 325.53862285614014, "policy_loss": -0.004534761421382427, "value_loss": 54.73059844970703, "policy_entropy": 5.502554893493652, "approxkl": 0.003959056921303272, "clipfrac": 0.04194336012005806}
{"serial_timesteps": 36864, "nupdates": 18, "total_timesteps": 36864, "fps": 72, "explained_variance": 0.06739503145217896, "eprewmean": -112.60996833766231, "eplenmean": 475.35064935064935, "time_elapsed": 356.8009879589081, "policy_loss": -0.0076646944507956505, "value_loss": 156.30343627929688, "policy_entropy": 5.503695487976074, "approxkl": 0.0060811834409832954, "clipfrac": 0.07465820014476776}
{"serial_timesteps": 38912, "nupdates": 19, "total_timesteps": 38912, "fps": 70, "explained_variance": 0.04354196786880493, "eprewmean": -112.70156266666669, "eplenmean": 432.26666666666665, "time_elapsed": 388.8614568710327, "policy_loss": -0.004192593973129988, "value_loss": 251.20455932617188, "policy_entropy": 5.522793769836426, "approxkl": 0.005250907503068447, "clipfrac": 0.05820312350988388}
{"serial_timesteps": 40960, "nupdates": 20, "total_timesteps": 40960, "fps": 68, "explained_variance": 0.03745567798614502, "eprewmean": -113.09392879166667, "eplenmean": 421.3541666666667, "time_elapsed": 421.9655771255493, "policy_loss": -0.004219490103423595, "value_loss": 119.80550384521484, "policy_entropy": 5.505549430847168, "approxkl": 0.0026094280183315277, "clipfrac": 0.02080078050494194}
{"serial_timesteps": 43008, "nupdates": 21,