{"serial_timesteps": 2048, "nupdates": 1, "total_timesteps": 2048, "fps": 285, "explained_variance": -0.007246732711791992, "eprewmean": -111.0812535, "eplenmean": 834.5, "time_elapsed": 7.180462837219238, "policy_loss": -0.013018408790230751, "value_loss": 22.134662628173828, "policy_entropy": 5.713427543640137, "approxkl": 0.008909464813768864, "clipfrac": 0.12421874701976776}
{"serial_timesteps": 4096, "nupdates": 2, "total_timesteps": 4096, "fps": 242, "explained_variance": 0.04301220178604126, "eprewmean": -113.57035333333333, "eplenmean": 1089.6666666666667, "time_elapsed": 16.219517946243286, "policy_loss": -0.011582090519368649, "value_loss": 0.6513622403144836, "policy_entropy": 5.710967063903809, "approxkl": 0.008590496145188808, "clipfrac": 0.12163086235523224}
{"serial_timesteps": 6144, "nupdates": 3, "total_timesteps": 6144, "fps": 248, "explained_variance": 0.0011479854583740234, "eprewmean": -114.04763510000001, "eplenmean": 527.5, "time_elapsed": 24.98694944381714, "policy_loss": -0.00922863744199276, "value_loss": 138.13894653320312, "policy_entropy": 5.677358627319336, "approxkl": 0.0061221858486533165, "clipfrac": 0.08124999701976776}
{"serial_timesteps": 8192, "nupdates": 4, "total_timesteps": 8192, "fps": 237, "explained_variance": 0.26137566566467285, "eprewmean": -113.25605863636365, "eplenmean": 625.0, "time_elapsed": 34.24245023727417, "policy_loss": -0.011921699158847332, "value_loss": 0.3896178603172302, "policy_entropy": 5.659659385681152, "approxkl": 0.009120986796915531, "clipfrac": 0.13129882514476776}
{"serial_timesteps": 10240, "nupdates": 5, "total_timesteps": 10240, "fps": 200, "explained_variance": -0.03775966167449951, "eprewmean": -111.86700553846156, "eplenmean": 775.0, "time_elapsed": 45.07500958442688, "policy_loss": -0.01153444591909647, "value_loss": 0.3157943785190582, "policy_entropy": 5.60716438293457, "approxkl": 0.008027767762541771, "clipfrac": 0.10761718451976776}
{"serial_timesteps": 12288, "nupdates": 6, "total_timesteps": 12288, "fps": 200, "explained_variance": 0.0072479248046875, "eprewmean": -111.08829191666666, "eplenmean": 511.5833333333333, "time_elapsed": 56.38242959976196, "policy_loss": -0.011059565469622612, "value_loss": 216.6217041015625, "policy_entropy": 5.586691856384277, "approxkl": 0.007694979663938284, "clipfrac": 0.09785155951976776}
{"serial_timesteps": 14336, "nupdates": 7, "total_timesteps": 14336, "fps": 192, "explained_variance": 0.014777004718780518, "eprewmean": -110.51673185714284, "eplenmean": 501.35714285714283, "time_elapsed": 67.74680995941162, "policy_loss": -0.008846623823046684, "value_loss": 65.8698959350586, "policy_entropy": 5.597710132598877, "approxkl": 0.006640884093940258, "clipfrac": 0.093017578125}
{"serial_timesteps": 16384, "nupdates": 8, "total_timesteps": 16384, "fps": 168, "explained_variance": 0.014040052890777588, "eprewmean": -109.80154325000001, "eplenmean": 496.0625, "time_elapsed": 80.81463241577148, "policy_loss": -0.00786010455340147, "value_loss": 61.55524826049805, "policy_entropy": 5.616262435913086, "approxkl": 0.004101902712136507, "clipfrac": 0.04697265475988388}
{"serial_timesteps": 18432, "nupdates": 9, "total_timesteps": 18432, "fps": 159, "explained_variance": 0.014653980731964111, "eprewmean": -109.59101252941177, "eplenmean": 516.0588235294117, "time_elapsed": 94.60714316368103, "policy_loss": -0.0056260195560753345, "value_loss": 20.388874053955078, "policy_entropy": 5.625234603881836, "approxkl": 0.0037215636111795902, "clipfrac": 0.04145507887005806}
{"serial_timesteps": 20480, "nupdates": 10, "total_timesteps": 20480, "fps": 148, "explained_variance": 0.05870550870895386, "eprewmean": -109.7188769736842, "eplenmean": 509.7631578947368, "time_elapsed": 109.39390444755554, "policy_loss": -0.008690719492733479, "value_loss": 60.23600387573242, "policy_entropy": 5.622528076171875, "approxkl": 0.005066820420324802, "clipfrac": 0.05717773362994194}
{"serial_timesteps": 22528, "nupdates": 11, "total_timesteps": 22528, "fps": 135, "explained_variance": 0.14493882656097412, "eprewmean": -109.75232017948719, "eplenmean": 537.7179487179487, "time_elapsed": 125.61964249610901, "policy_loss": -0.012710360810160637, "value_loss": 0.19186578691005707, "policy_entropy": 5.6135029792785645, "approxkl": 0.00871485285460949, "clipfrac": 0.123779296875}
{"serial_timesteps": 24576, "nupdates": 12, "total_timesteps": 24576, "fps": 127, "explained_variance": 0.02358853816986084, "eprewmean": -108.8060504047619, "eplenmean": 577.9285714285714, "time_elapsed": 143.0111117362976, "policy_loss": -0.006425784435123205, "value_loss": 19.92599868774414, "policy_entropy": 5.580220699310303, "approxkl": 0.006370680872350931, "clipfrac": 0.07973632961511612}
{"serial_timesteps": 26624, "nupdates": 13, "total_timesteps": 26624, "fps": 116, "explained_variance": -0.13871431350708008, "eprewmean": -108.88567125, "eplenmean": 589.5454545454545, "time_elapsed": 162.00619769096375, "policy_loss": -0.010566969402134418, "value_loss": 22.885103225708008, "policy_entropy": 5.5753021240234375, "approxkl": 0.006614919751882553, "clipfrac": 0.07236327975988388}
{"serial_timesteps": 28672, "nupdates": 14, "total_timesteps": 28672, "fps": 112, "explained_variance": 0.5708837807178497, "eprewmean": -108.54327262222222, "eplenmean": 612.0, "time_elapsed": 181.9260597229004, "policy_loss": -0.008997149765491486, "value_loss": 0.11164958775043488, "policy_entropy": 5.5725789070129395, "approxkl": 0.006695488002151251, "clipfrac": 0.08676757663488388}
{"serial_timesteps": 30720, "nupdates": 15, "total_timesteps": 30720, "fps": 103, "explained_variance": 0.0066741108894348145, "eprewmean": -108.28428746808511, "eplenmean": 621.8297872340426, "time_elapsed": 203.77565121650696, "policy_loss": -0.008237933740019798, "value_loss": 20.29891586303711, "policy_entropy": 5.550876140594482, "approxkl": 0.006257722619920969, "clipfrac": 0.07514648139476776}
{"serial_timesteps": 32768, "nupdates": 16, "total_timesteps": 32768, "fps": 96, "explained_variance": 0.04351770877838135, "eprewmean": -107.68260227777776, "eplenmean": 606.425925925926, "time_elapsed": 226.96822023391724, "policy_loss": -0.006962846033275127, "value_loss": 97.05894470214844, "policy_entropy": 5.551739692687988, "approxkl": 0.0050739627331495285, "clipfrac": 0.05893554538488388}
{"serial_timesteps": 34816, "nupdates": 17, "total_timesteps": 34816, "fps": 91, "explained_variance": 0.05427592992782593, "eprewmean": -107.64322882142856, "eplenmean": 614.625, "time_elapsed": 251.48207211494446, "policy_loss": -0.007275489158928394, "value_loss": 20.881694793701172, "policy_entropy": 5.523581504821777, "approxkl": 0.007010099943727255, "clipfrac": 0.091552734375}
{"serial_timesteps": 36864, "nupdates": 18, "total_timesteps": 36864, "fps": 84, "explained_variance": 0.3290255069732666, "eprewmean": -107.47270994736841, "eplenmean": 631.9122807017544, "time_elapsed": 278.0109634399414, "policy_loss": -0.010251550935208797, "value_loss": 0.08529762178659439, "policy_entropy": 5.507663249969482, "approxkl": 0.008844255469739437, "clipfrac": 0.12089844048023224}
{"serial_timesteps": 38912, "nupdates": 19, "total_timesteps": 38912, "fps": 79, "explained_variance": 0.4144023060798645, "eprewmean": -106.97530534482758, "eplenmean": 648.6034482758621, "time_elapsed": 306.1244728565216, "policy_loss": -0.013752765953540802, "value_loss": 0.13483387231826782, "policy_entropy": 5.441043376922607, "approxkl": 0.009917235001921654, "clipfrac": 0.14306640625}
{"serial_timesteps": 40960, "nupdates": 20, "total_timesteps": 40960, "fps": 75, "explained_variance": -0.047472476959228516, "eprewmean": -106.27195137704918, "eplenmean": 670.6065573770492, "time_elapsed": 336.05440163612366, "policy_loss": -0.007517927326261997, "value_loss": 21.024927139282227, "policy_entropy": 5.427608489990234, "approxkl": 0.006169910542666912, "clipfrac": 0.07817383110523224}
{"serial_timesteps": 43008, "nupdates": 21, "total_timesteps": 43008, "fps": 72,