{"serial_timesteps": 2048, "nupdates": 1, "total_timesteps": 2048, "fps": 51, "explained_variance": 0.0030974149703979492, "eprewmean": -265.8708343684211, "eplenmean": 104.6842105263158, "time_elapsed": 39.68939137458801, "policy_loss": -0.005394734907895327, "value_loss": 1255.8988037109375, "policy_entropy": 2.848811149597168, "approxkl": 0.004591965116560459, "clipfrac": 0.05156249925494194}
{"serial_timesteps": 4096, "nupdates": 2, "total_timesteps": 4096, "fps": 78, "explained_variance": 0.005641639232635498, "eprewmean": -257.18645994736846, "eplenmean": 107.28947368421052, "time_elapsed": 68.8662679195404, "policy_loss": -0.00354945776052773, "value_loss": 1120.8994140625, "policy_entropy": 2.8645386695861816, "approxkl": 0.0030123302713036537, "clipfrac": 0.03579101711511612}
