{"serial_timesteps": 2048, "nupdates": 1, "total_timesteps": 2048, "fps": 69, "explained_variance": 0.005337536334991455, "eprewmean": -126.64851885714286, "eplenmean": 197.42857142857142, "time_elapsed": 29.36641240119934, "policy_loss": -0.008902094326913357, "value_loss": 159.63644409179688, "policy_entropy": 5.678132057189941, "approxkl": 0.004914822988212109, "clipfrac": 0.05449218675494194}
{"serial_timesteps": 4096, "nupdates": 2, "total_timesteps": 4096, "fps": 75, "explained_variance": 0.025948047637939453, "eprewmean": -126.58616244444445, "eplenmean": 383.77777777777777, "time_elapsed": 58.66764855384827, "policy_loss": -0.0067511918023228645, "value_loss": 22.53919792175293, "policy_entropy": 5.699107646942139, "approxkl": 0.00466054817661643, "clipfrac": 0.054931640625}
{"serial_timesteps": 6144, "nupdates": 3, "total_timesteps": 6144, "fps": 71, "explained_variance": 0.013243615627288818, "eprewmean": -126.40502481818181, "eplenmean": 502.45454545454544, "time_elapsed": 89.1662483215332, "policy_loss": -0.008097454905509949, "value_loss": 20.814172744750977, "policy_entropy": 5.720727443695068, "approxkl": 0.005966045428067446, "clipfrac": 0.08061523735523224}
{"serial_timesteps": 8192, "nupdates": 4, "total_timesteps": 8192, "fps": 67, "explained_variance": 0.010019481182098389, "eprewmean": -120.49925642105264, "eplenmean": 425.89473684210526, "time_elapsed": 121.48899483680725, "policy_loss": -0.00885110441595316, "value_loss": 148.09347534179688, "policy_entropy": 5.703552722930908, "approxkl": 0.006958772428333759, "clipfrac": 0.08950195461511612}
{"serial_timesteps": 10240, "nupdates": 5, "total_timesteps": 10240, "fps": 66, "explained_variance": 0.032273948192596436, "eprewmean": -120.59406463636364, "eplenmean": 465.27272727272725, "time_elapsed": 154.43925189971924, "policy_loss": -0.007114093750715256, "value_loss": 42.73004913330078, "policy_entropy": 5.706586837768555, "approxkl": 0.0037949432153254747, "clipfrac": 0.04184570163488388}
{"serial_timesteps": 12288, "nupdates": 6, "total_timesteps": 12288, "fps": 64, "explained_variance": 0.020956456661224365, "eprewmean": -121.64518839285712, "eplenmean": 425.2142857142857, "time_elapsed": 189.676451921463, "policy_loss": -0.009768449701368809, "value_loss": 126.85306549072266, "policy_entropy": 5.721954345703125, "approxkl": 0.006836104206740856, "clipfrac": 0.08652343600988388}
{"serial_timesteps": 14336, "nupdates": 7, "total_timesteps": 14336, "fps": 60, "explained_variance": 0.04741084575653076, "eprewmean": -122.84187641379309, "eplenmean": 479.51724137931035, "time_elapsed": 226.07672095298767, "policy_loss": -0.01075927633792162, "value_loss": 0.4754587709903717, "policy_entropy": 5.686684608459473, "approxkl": 0.007821774110198021, "clipfrac": 0.10585937649011612}
{"serial_timesteps": 16384, "nupdates": 8, "total_timesteps": 16384, "fps": 58, "explained_variance": 0.4221724271774292, "eprewmean": -123.32949213333332, "eplenmean": 530.2, "time_elapsed": 263.5811152458191, "policy_loss": -0.009577090851962566, "value_loss": 0.24945242702960968, "policy_entropy": 5.639848709106445, "approxkl": 0.006979227066040039, "clipfrac": 0.09394530951976776}
{"serial_timesteps": 18432, "nupdates": 9, "total_timesteps": 18432, "fps": 54, "explained_variance": -0.006316542625427246, "eprewmean": -122.8403605294118, "eplenmean": 531.2941176470588, "time_elapsed": 304.0083575248718, "policy_loss": -0.009933349676430225, "value_loss": 61.23448944091797, "policy_entropy": 5.634716510772705, "approxkl": 0.006528578698635101, "clipfrac": 0.08842773735523224}
{"serial_timesteps": 20480, "nupdates": 10, "total_timesteps": 20480, "fps": 51, "explained_variance": 0.5312674343585968, "eprewmean": -123.22498140000002, "eplenmean": 573.2571428571429, "time_elapsed": 346.51150727272034, "policy_loss": -0.00873702485114336, "value_loss": 0.2069433033466339, "policy_entropy": 5.611800670623779, "approxkl": 0.0064203375950455666, "clipfrac": 0.08525390923023224}
{"serial_timesteps": 22528, "nupdates": 11, "total_timesteps": 22528, "fps": 51, "explained_variance": 0.015457332134246826, "eprewmean": -121.98940778048781, "eplenmean": 547.9024390243902, "time_elapsed": 390.00898599624634, "policy_loss": -0.00785890780389309, "value_loss": 98.76968383789062, "policy_entropy": 5.573945045471191, "approxkl": 0.005885439924895763, "clipfrac": 0.07016601413488388}
{"serial_timesteps": 24576, "nupdates": 12, "total_timesteps": 24576, "fps": 50, "explained_variance": 0.0742495059967041, "eprewmean": -120.44549248936171, "eplenmean": 487.74468085106383, "time_elapsed": 434.28069400787354, "policy_loss": -0.006366522517055273, "value_loss": 101.58689880371094, "policy_entropy": 5.581634044647217, "approxkl": 0.005340073257684708, "clipfrac": 0.06186523288488388}
{"serial_timesteps": 26624, "nupdates": 13, "total_timesteps": 26624, "fps": 49, "explained_variance": 0.7108175754547119, "eprewmean": -120.73995427083334, "eplenmean": 519.25, "time_elapsed": 479.522052526474, "policy_loss": -0.00981302559375763, "value_loss": 0.11385852098464966, "policy_entropy": 5.5489888191223145, "approxkl": 0.007264905609190464, "clipfrac": 0.09677734225988388}
{"serial_timesteps": 28672, "nupdates": 14, "total_timesteps": 28672, "fps": 63, "explained_variance": 0.22901272773742676, "eprewmean": -121.22348791836737, "eplenmean": 549.469387755102, "time_elapsed": 515.3055684566498, "policy_loss": -0.009402653202414513, "value_loss": 0.1769273579120636, "policy_entropy": 5.4642157554626465, "approxkl": 0.0089650209993124, "clipfrac": 0.123291015625}
