{"serial_timesteps": 2048, "nupdates": 1, "total_timesteps": 2048, "fps": 52, "explained_variance": 0.004030108451843262, "eprewmean": -261.0128573, "eplenmean": 100.35, "time_elapsed": 38.841259717941284, "policy_loss": -0.003897241782397032, "value_loss": 1393.9278564453125, "policy_entropy": 2.834378957748413, "approxkl": 0.0029749865643680096, "clipfrac": 0.02700195275247097}
{"serial_timesteps": 4096, "nupdates": 2, "total_timesteps": 4096, "fps": 53, "explained_variance": 0.005428016185760498, "eprewmean": -226.92463586842103, "eplenmean": 107.60526315789474, "time_elapsed": 80.41887879371643, "policy_loss": -0.0032883225940167904, "value_loss": 747.5360107421875, "policy_entropy": 2.830932140350342, "approxkl": 0.002138148993253708, "clipfrac": 0.013476562686264515}
{"serial_timesteps": 6144, "nupdates": 3, "total_timesteps": 6144, "fps": 53, "explained_variance": 0.006257891654968262, "eprewmean": -221.04002280357145, "eplenmean": 107.85714285714286, "time_elapsed": 122.06189942359924, "policy_loss": -0.002463554497808218, "value_loss": 943.11572265625, "policy_entropy": 2.8268070220947266, "approxkl": 0.00209253141656518, "clipfrac": 0.01762695237994194}
{"serial_timesteps": 8192, "nupdates": 4, "total_timesteps": 8192, "fps": 64, "explained_variance": 0.010675191879272461, "eprewmean": -212.35207962162158, "eplenmean": 110.06756756756756, "time_elapsed": 156.66883492469788, "policy_loss": -0.0027852091006934643, "value_loss": 623.0254516601562, "policy_entropy": 2.81561279296875, "approxkl": 0.0027929702773690224, "clipfrac": 0.02397460862994194}
