{"serial_timesteps": 2048, "nupdates": 1, "total_timesteps": 2048, "fps": 65, "explained_variance": -5.352497100830078e-05, "eprewmean": -253.59175400000004, "eplenmean": 109.22222222222223, "time_elapsed": 31.288599729537964, "policy_loss": -0.004420565441250801, "value_loss": 1101.6824951171875, "policy_entropy": 2.831399440765381, "approxkl": 0.003995766397565603, "clipfrac": 0.03593749925494194}
{"serial_timesteps": 4096, "nupdates": 2, "total_timesteps": 4096, "fps": 64, "explained_variance": 0.00020945072174072266, "eprewmean": -232.15333902857142, "eplenmean": 113.48571428571428, "time_elapsed": 65.45846343040466, "policy_loss": -0.002111204667016864, "value_loss": 893.2453002929688, "policy_entropy": 2.8236567974090576, "approxkl": 0.0018797839293256402, "clipfrac": 0.014697265811264515}
{"serial_timesteps": 6144, "nupdates": 3, "total_timesteps": 6144, "fps": 61, "explained_variance": 0.0015401840209960938, "eprewmean": -215.9097263333333, "eplenmean": 113.33333333333333, "time_elapsed": 101.06887173652649, "policy_loss": -0.00406621303409338, "value_loss": 871.1297607421875, "policy_entropy": 2.8235762119293213, "approxkl": 0.002996922004967928, "clipfrac": 0.0302734375}
{"serial_timesteps": 8192, "nupdates": 4, "total_timesteps": 8192, "fps": 59, "explained_variance": 0.0006454586982727051, "eprewmean": -203.8836987361111, "eplenmean": 112.34722222222223, "time_elapsed": 138.16875529289246, "policy_loss": -0.0009121022303588688, "value_loss": 786.759033203125, "policy_entropy": 2.8194081783294678, "approxkl": 0.00030861562117934227, "clipfrac": 0.000244140625}
{"serial_timesteps": 10240, "nupdates": 5, "total_timesteps": 10240, "fps": 55, "explained_variance": -0.011742591857910156, "eprewmean": -207.17773394382021, "eplenmean": 113.88764044943821, "time_elapsed": 178.26074695587158, "policy_loss": -0.0034832353703677654, "value_loss": 780.7697143554688, "policy_entropy": 2.841542959213257, "approxkl": 0.0033569983206689358, "clipfrac": 0.03911132737994194}
{"serial_timesteps": 12288, "nupdates": 6, "total_timesteps": 12288, "fps": 51, "explained_variance": -0.006407380104064941, "eprewmean": -191.78754206000002, "eplenmean": 116.76, "time_elapsed": 220.66872000694275, "policy_loss": -0.002316567115485668, "value_loss": 451.26715087890625, "policy_entropy": 2.8479771614074707, "approxkl": 0.002099305856972933, "clipfrac": 0.01450195349752903}
{"serial_timesteps": 14336, "nupdates": 7, "total_timesteps": 14336, "fps": 50, "explained_variance": -0.000670313835144043, "eprewmean": -184.72980049, "eplenmean": 121.21, "time_elapsed": 266.1289768218994, "policy_loss": -0.001804128522053361, "value_loss": 595.0294189453125, "policy_entropy": 2.8525993824005127, "approxkl": 0.0015095777343958616, "clipfrac": 0.010791015811264515}
{"serial_timesteps": 16384, "nupdates": 8, "total_timesteps": 16384, "fps": 51, "explained_variance": 0.004558205604553223, "eprewmean": -177.12875456, "eplenmean": 120.4, "time_elapsed": 309.5635542869568, "policy_loss": -0.0041982680559158325, "value_loss": 623.9725341796875, "policy_entropy": 2.8658559322357178, "approxkl": 0.003498517442494631, "clipfrac": 0.039306640625}
