{"serial_timesteps": 2048, "nupdates": 1, "total_timesteps": 2048, "fps": 123, "explained_variance": 0.0017377138137817383, "eprewmean": -114.30325966666668, "eplenmean": 73.33333333333333, "time_elapsed": 16.526098012924194, "policy_loss": -0.008941386826336384, "value_loss": 70.81185150146484, "policy_entropy": 5.677332401275635, "approxkl": 0.005461250897496939, "clipfrac": 0.06708984076976776}
{"serial_timesteps": 4096, "nupdates": 2, "total_timesteps": 4096, "fps": 118, "explained_variance": -0.025708794593811035, "eprewmean": -121.0647008, "eplenmean": 455.8, "time_elapsed": 35.21621632575989, "policy_loss": -0.007576734758913517, "value_loss": 23.54205322265625, "policy_entropy": 5.678003787994385, "approxkl": 0.004960501100867987, "clipfrac": 0.05839843675494194}
{"serial_timesteps": 6144, "nupdates": 3, "total_timesteps": 6144, "fps": 108, "explained_variance": -0.015134334564208984, "eprewmean": -130.5403723, "eplenmean": 590.3, "time_elapsed": 55.22633504867554, "policy_loss": -0.00927069690078497, "value_loss": 93.21755981445312, "policy_entropy": 5.671323776245117, "approxkl": 0.0053214142099022865, "clipfrac": 0.06538085639476776}
{"serial_timesteps": 8192, "nupdates": 4, "total_timesteps": 8192, "fps": 106, "explained_variance": 0.10853558778762817, "eprewmean": -132.89975363636364, "eplenmean": 718.4545454545455, "time_elapsed": 75.83010816574097, "policy_loss": -0.008818114176392555, "value_loss": 0.6486291289329529, "policy_entropy": 5.664311408996582, "approxkl": 0.006603562273085117, "clipfrac": 0.09028320014476776}
{"serial_timesteps": 10240, "nupdates": 5, "total_timesteps": 10240, "fps": 96, "explained_variance": 0.14900821447372437, "eprewmean": -133.57777033333335, "eplenmean": 825.25, "time_elapsed": 98.4598228931427, "policy_loss": -0.012233458459377289, "value_loss": 0.5116360783576965, "policy_entropy": 5.628689765930176, "approxkl": 0.009226035326719284, "clipfrac": 0.12680664658546448}
{"serial_timesteps": 12288, "nupdates": 6, "total_timesteps": 12288, "fps": 92, "explained_variance": 0.008230805397033691, "eprewmean": -131.47837957142858, "eplenmean": 854.5, "time_elapsed": 122.88182544708252, "policy_loss": -0.005395343992859125, "value_loss": 20.889202117919922, "policy_entropy": 5.616309642791748, "approxkl": 0.003749646944925189, "clipfrac": 0.03574218600988388}
{"serial_timesteps": 14336, "nupdates": 7, "total_timesteps": 14336, "fps": 88, "explained_variance": 0.0006746649742126465, "eprewmean": -133.47521613333336, "eplenmean": 874.2, "time_elapsed": 147.9140112400055, "policy_loss": -0.007051785942167044, "value_loss": 20.41543960571289, "policy_entropy": 5.642355442047119, "approxkl": 0.006354916840791702, "clipfrac": 0.08383788913488388}
{"serial_timesteps": 16384, "nupdates": 8, "total_timesteps": 16384, "fps": 80, "explained_variance": 0.26904916763305664, "eprewmean": -133.467898875, "eplenmean": 944.5625, "time_elapsed": 175.325989484787, "policy_loss": -0.016527842730283737, "value_loss": 0.23859603703022003, "policy_entropy": 5.615538597106934, "approxkl": 0.011091210879385471, "clipfrac": 0.15605469048023224}
{"serial_timesteps": 18432, "nupdates": 9, "total_timesteps": 18432, "fps": 77, "explained_variance": 0.016403615474700928, "eprewmean": -136.5269627647059, "eplenmean": 975.8235294117648, "time_elapsed": 203.74816036224365, "policy_loss": -0.006262664683163166, "value_loss": 20.242136001586914, "policy_entropy": 5.561858654022217, "approxkl": 0.009279141202569008, "clipfrac": 0.11591796576976776}
{"serial_timesteps": 20480, "nupdates": 10, "total_timesteps": 20480, "fps": 74, "explained_variance": 0.006743729114532471, "eprewmean": -139.14242868421053, "eplenmean": 1061.842105263158, "time_elapsed": 233.53429317474365, "policy_loss": -0.004555867053568363, "value_loss": 19.931581497192383, "policy_entropy": 5.5717339515686035, "approxkl": 0.005440669134259224, "clipfrac": 0.06625976413488388}
{"serial_timesteps": 22528, "nupdates": 11, "total_timesteps": 22528, "fps": 75, "explained_variance": 0.37922704219818115, "eprewmean": -138.91346465, "eplenmean": 1108.75, "time_elapsed": 263.0618534088135, "policy_loss": -0.01257476769387722, "value_loss": 0.23103809356689453, "policy_entropy": 5.548757553100586, "approxkl": 0.009399017319083214, "clipfrac": 0.13564452528953552}
{"serial_timesteps": 24576, "nupdates": 12, "total_timesteps": 24576, "fps": 72, "explained_variance": 0.005421936511993408, "eprewmean": -135.29951092307692, "eplenmean": 942.7307692307693, "time_elapsed": 293.65029764175415, "policy_loss": -0.008014383725821972, "value_loss": 123.55128479003906, "policy_entropy": 5.509560585021973, "approxkl": 0.0049093300476670265, "clipfrac": 0.05454101413488388}
{"serial_timesteps": 26624, "nupdates": 13, "total_timesteps": 26624, "fps": 68, "explained_variance": 0.3184278607368469, "eprewmean": -135.23998855555556, "eplenmean": 981.8888888888889, "time_elapsed": 326.1040289402008, "policy_loss": -0.012039348483085632, "value_loss": 0.22686226665973663, "policy_entropy": 5.503625392913818, "approxkl": 0.008722539059817791, "clipfrac": 0.12192382663488388}
{"serial_timesteps": 28672, "nupdates": 14, "total_timesteps": 28672, "fps": 66, "explained_variance": -0.01917290687561035, "eprewmean": -134.1794345862069, "eplenmean": 987.6551724137931, "time_elapsed": 359.9229521751404, "policy_loss": -0.007305175065994263, "value_loss": 17.860225677490234, "policy_entropy": 5.486193656921387, "approxkl": 0.007825595326721668, "clipfrac": 0.09980468451976776}
{"serial_timesteps": 30720, "nupdates": 15, "total_timesteps": 30720, "fps": 64, "explained_variance": 0.012903928756713867, "eprewmean": -133.20023759999998, "eplenmean": 959.2333333333333, "time_elapsed": 395.04114842414856, "policy_loss": -0.00686785439029336, "value_loss": 19.989198684692383, "policy_entropy": 5.499579429626465, "approxkl": 0.006281488575041294, "clipfrac": 0.08120117336511612}
{"serial_timesteps": 32768, "nupdates": 16, "total_timesteps": 32768, "fps": 60, "explained_variance": 0.37121832370758057, "eprewmean": -133.21103332258065, "eplenmean": 992.8064516129032, "time_elapsed": 431.8655400276184, "policy_loss": -0.008960604667663574, "value_loss": 0.16491486132144928, "policy_entropy": 5.479002475738525, "approxkl": 0.008443798869848251, "clipfrac": 0.11757812649011612}
{"serial_timesteps": 34816, "nupdates": 17, "total_timesteps": 34816, "fps": 58, "explained_variance": 0.0534701943397522, "eprewmean": -132.3349128181818, "eplenmean": 995.4848484848485, "time_elapsed": 470.4025835990906, "policy_loss": -0.0067580146715044975, "value_loss": 22.13460922241211, "policy_entropy": 5.445693016052246, "approxkl": 0.0054233805276453495, "clipfrac": 0.067138671875}
{"serial_timesteps": 36864, "nupdates": 18, "total_timesteps": 36864, "fps": 55, "explained_variance": -0.0561981201171875, "eprewmean": -131.8010338333333, "eplenmean": 973.3888888888889, "time_elapsed": 511.0717964172363, "policy_loss": -0.006782566662877798, "value_loss": 44.442726135253906, "policy_entropy": 5.448122978210449, "approxkl": 0.006216099020093679, "clipfrac": 0.07968749850988388}
{"serial_timesteps": 38912, "nupdates": 19, "total_timesteps": 38912, "fps": 52, "explained_variance": 0.04849588871002197, "eprewmean": -131.48250528947366, "eplenmean": 977.1315789473684, "time_elapsed": 553.5846490859985, "policy_loss": -0.005609968677163124, "value_loss": 19.819433212280273, "policy_entropy": 5.48249626159668, "approxkl": 0.005281205289065838, "clipfrac": 0.062744140625}
{"serial_timesteps": 40960, "nupdates": 20, "total_timesteps": 40960, "fps": 51, "explained_variance": 0.04882240295410156, "eprewmean": -131.154861225, "eplenmean": 979.4, "time_elapsed": 597.2541100978851, "policy_loss": -0.007388320751488209, "value_loss": 20.13457679748535, "policy_entropy": 5.493393898010254, "approxkl": 0.004953709430992603, "clipfrac": 0.05605468899011612}
{"serial_timesteps": 43008, "nupdates": 21, "total_timesteps": 43008, "fps": 50,