{"serial_timesteps": 2048, "nupdates": 1, "total_timesteps": 2048, "fps": 60, "explained_variance": -0.0020170211791992188, "eprewmean": -222.27023984210524, "eplenmean": 107.47368421052632, "time_elapsed": 33.7933087348938, "policy_loss": -0.0031653151381760836, "value_loss": 1068.466552734375, "policy_entropy": 2.839343547821045, "approxkl": 0.0029468252323567867, "clipfrac": 0.03315429762005806}
{"serial_timesteps": 4096, "nupdates": 2, "total_timesteps": 4096, "fps": 56, "explained_variance": -0.0006105899810791016, "eprewmean": -206.87375025714286, "eplenmean": 115.48571428571428, "time_elapsed": 73.08316373825073, "policy_loss": -0.003585446160286665, "value_loss": 621.526123046875, "policy_entropy": 2.8443703651428223, "approxkl": 0.0021323554683476686, "clipfrac": 0.02177734300494194}
{"serial_timesteps": 6144, "nupdates": 3, "total_timesteps": 6144, "fps": 55, "explained_variance": -0.00038933753967285156, "eprewmean": -205.22865607843136, "eplenmean": 118.52941176470588, "time_elapsed": 112.65947961807251, "policy_loss": -0.0030031767673790455, "value_loss": 651.2796630859375, "policy_entropy": 2.8476014137268066, "approxkl": 0.001334226573817432, "clipfrac": 0.00961914099752903}
{"serial_timesteps": 8192, "nupdates": 4, "total_timesteps": 8192, "fps": 51, "explained_variance": 0.0014655590057373047, "eprewmean": -184.66644658208952, "eplenmean": 121.29850746268657, "time_elapsed": 155.28596448898315, "policy_loss": -0.0057424805127084255, "value_loss": 378.6147766113281, "policy_entropy": 2.845015048980713, "approxkl": 0.0034125368110835552, "clipfrac": 0.03549804538488388}
{"serial_timesteps": 10240, "nupdates": 5, "total_timesteps": 10240, "fps": 50, "explained_variance": 0.0008931756019592285, "eprewmean": -188.0677684698795, "eplenmean": 123.19277108433735, "time_elapsed": 199.2810275554657, "policy_loss": -0.005760532803833485, "value_loss": 834.0905151367188, "policy_entropy": 2.8532886505126953, "approxkl": 0.0031483143102377653, "clipfrac": 0.033203125}
{"serial_timesteps": 12288, "nupdates": 6, "total_timesteps": 12288, "fps": 47, "explained_variance": 0.007145226001739502, "eprewmean": -181.73735879381442, "eplenmean": 125.09278350515464, "time_elapsed": 245.2166712284088, "policy_loss": -0.00557583337649703, "value_loss": 461.365966796875, "policy_entropy": 2.8781659603118896, "approxkl": 0.004065636079758406, "clipfrac": 0.04477538913488388}
{"serial_timesteps": 14336, "nupdates": 7, "total_timesteps": 14336, "fps": 53, "explained_variance": 0.007936358451843262, "eprewmean": -173.90162819000005, "eplenmean": 129.11, "time_elapsed": 287.92713499069214, "policy_loss": -0.001965228235349059, "value_loss": 411.4005432128906, "policy_entropy": 2.8742198944091797, "approxkl": 0.0022498159669339657, "clipfrac": 0.010498046875}
