{"serial_timesteps": 2048, "nupdates": 1, "total_timesteps": 2048, "fps": 77, "explained_variance": -0.14245426654815674, "eprewmean": -154.317368, "eplenmean": 2000.0, "time_elapsed": 26.264920711517334, "policy_loss": -0.015316625125706196, "value_loss": 0.9324675798416138, "policy_entropy": 5.669384956359863, "approxkl": 0.008724448271095753, "clipfrac": 0.12578125298023224}
{"serial_timesteps": 4096, "nupdates": 2, "total_timesteps": 4096, "fps": 76, "explained_variance": -0.00792086124420166, "eprewmean": -128.72498166666665, "eplenmean": 1357.6666666666667, "time_elapsed": 54.85644245147705, "policy_loss": -0.006696603260934353, "value_loss": 21.678529739379883, "policy_entropy": 5.649172782897949, "approxkl": 0.004400114994496107, "clipfrac": 0.050048828125}
{"serial_timesteps": 6144, "nupdates": 3, "total_timesteps": 6144, "fps": 74, "explained_variance": -0.0014717578887939453, "eprewmean": -121.64362885714284, "eplenmean": 628.2857142857143, "time_elapsed": 84.17846751213074, "policy_loss": -0.00831569917500019, "value_loss": 91.30528259277344, "policy_entropy": 5.655699729919434, "approxkl": 0.004578006453812122, "clipfrac": 0.05156249925494194}
{"serial_timesteps": 8192, "nupdates": 4, "total_timesteps": 8192, "fps": 76, "explained_variance": 0.001352071762084961, "eprewmean": -122.3715483846154, "eplenmean": 602.0769230769231, "time_elapsed": 112.76139736175537, "policy_loss": -0.010466551408171654, "value_loss": 105.63490295410156, "policy_entropy": 5.673538684844971, "approxkl": 0.007530991919338703, "clipfrac": 0.10507812350988388}
{"serial_timesteps": 10240, "nupdates": 5, "total_timesteps": 10240, "fps": 71, "explained_variance": 0.01994788646697998, "eprewmean": -125.68692771428573, "eplenmean": 647.4285714285714, "time_elapsed": 143.3182396888733, "policy_loss": -0.005763211753219366, "value_loss": 20.005489349365234, "policy_entropy": 5.688669204711914, "approxkl": 0.008255405351519585, "clipfrac": 0.11748047173023224}
{"serial_timesteps": 12288, "nupdates": 6, "total_timesteps": 12288, "fps": 68, "explained_variance": -0.020591378211975098, "eprewmean": -127.17998857894739, "eplenmean": 581.0, "time_elapsed": 176.20625591278076, "policy_loss": -0.008018670603632927, "value_loss": 106.3495101928711, "policy_entropy": 5.733250617980957, "approxkl": 0.0038769959937781096, "clipfrac": 0.04213867336511612}
{"serial_timesteps": 14336, "nupdates": 7, "total_timesteps": 14336, "fps": 66, "explained_variance": 0.029673397541046143, "eprewmean": -126.44140892, "eplenmean": 512.24, "time_elapsed": 209.20671892166138, "policy_loss": -0.008150206878781319, "value_loss": 121.26237487792969, "policy_entropy": 5.7704267501831055, "approxkl": 0.0052346582524478436, "clipfrac": 0.064208984375}
{"serial_timesteps": 16384, "nupdates": 8, "total_timesteps": 16384, "fps": 64, "explained_variance": 0.004748642444610596, "eprewmean": -124.51295990322579, "eplenmean": 489.19354838709677, "time_elapsed": 243.42985916137695, "policy_loss": -0.009123515337705612, "value_loss": 105.28834533691406, "policy_entropy": 5.7822160720825195, "approxkl": 0.005007530562579632, "clipfrac": 0.05400390550494194}
{"serial_timesteps": 18432, "nupdates": 9, "total_timesteps": 18432, "fps": 60, "explained_variance": 0.031827569007873535, "eprewmean": -126.65307534374999, "eplenmean": 522.90625, "time_elapsed": 279.8423275947571, "policy_loss": -0.0059074521996080875, "value_loss": 19.18478775024414, "policy_entropy": 5.820016860961914, "approxkl": 0.008207999169826508, "clipfrac": 0.11679687350988388}
{"serial_timesteps": 20480, "nupdates": 10, "total_timesteps": 20480, "fps": 56, "explained_variance": 0.03354799747467041, "eprewmean": -123.36031642857142, "eplenmean": 461.3809523809524, "time_elapsed": 318.9891104698181, "policy_loss": -0.00939812883734703, "value_loss": 179.92967224121094, "policy_entropy": 5.837451457977295, "approxkl": 0.006211808416992426, "clipfrac": 0.077880859375}
{"serial_timesteps": 22528, "nupdates": 11, "total_timesteps": 22528, "fps": 55, "explained_variance": 0.04140216112136841, "eprewmean": -123.08045041304347, "eplenmean": 468.82608695652175, "time_elapsed": 359.01414155960083, "policy_loss": -0.009143704548478127, "value_loss": 62.3143424987793, "policy_entropy": 5.844909191131592, "approxkl": 0.005177889484912157, "clipfrac": 0.05815429612994194}
{"serial_timesteps": 24576, "nupdates": 12, "total_timesteps": 24576, "fps": 53, "explained_variance": 0.021306216716766357, "eprewmean": -122.50497103921568, "eplenmean": 466.078431372549, "time_elapsed": 400.66470861434937, "policy_loss": -0.008135492913424969, "value_loss": 82.45035552978516, "policy_entropy": 5.874284744262695, "approxkl": 0.005272937007248402, "clipfrac": 0.05927734449505806}
{"serial_timesteps": 26624, "nupdates": 13, "total_timesteps": 26624, "fps": 50, "explained_variance": 0.07153266668319702, "eprewmean": -121.7016861754386, "eplenmean": 458.3333333333333, "time_elapsed": 444.4653754234314, "policy_loss": -0.005747430492192507, "value_loss": 97.15471649169922, "policy_entropy": 5.876543998718262, "approxkl": 0.003825034247711301, "clipfrac": 0.04160156100988388}
{"serial_timesteps": 28672, "nupdates": 14, "total_timesteps": 28672, "fps": 50, "explained_variance": 0.10043519735336304, "eprewmean": -121.87990570000001, "eplenmean": 470.98333333333335, "time_elapsed": 488.3346655368805, "policy_loss": -0.0030855219811201096, "value_loss": 39.962066650390625, "policy_entropy": 5.896096706390381, "approxkl": 0.002754355315119028, "clipfrac": 0.02333984337747097}
{"serial_timesteps": 30720, "nupdates": 15, "total_timesteps": 30720, "fps": 50, "explained_variance": 0.4777480959892273, "eprewmean": -122.0405056557377, "eplenmean": 496.04918032786884, "time_elapsed": 532.8656098842621, "policy_loss": -0.00952491257339716, "value_loss": 0.09446407854557037, "policy_entropy": 5.854281902313232, "approxkl": 0.006403900682926178, "clipfrac": 0.07807616889476776}
