{"serial_timesteps": 2048, "nupdates": 1, "total_timesteps": 2048, "fps": 161, "explained_variance": 0.00010091066360473633, "eprewmean": -121.37513514285715, "eplenmean": 118.57142857142857, "time_elapsed": 12.6521897315979, "policy_loss": -0.01437353901565075, "value_loss": 161.53720092773438, "policy_entropy": 5.689976692199707, "approxkl": 0.00626970361918211, "clipfrac": 0.08037109673023224}
{"serial_timesteps": 4096, "nupdates": 2, "total_timesteps": 4096, "fps": 164, "explained_variance": -0.18039393424987793, "eprewmean": -120.45372800000001, "eplenmean": 447.77777777777777, "time_elapsed": 25.89090871810913, "policy_loss": -0.010213668458163738, "value_loss": 0.899014949798584, "policy_entropy": 5.702138900756836, "approxkl": 0.007449852768331766, "clipfrac": 0.10205078125}
{"serial_timesteps": 6144, "nupdates": 3, "total_timesteps": 6144, "fps": 152, "explained_variance": -5.424022674560547e-05, "eprewmean": -116.01935900000002, "eplenmean": 396.8666666666667, "time_elapsed": 40.19061803817749, "policy_loss": -0.00931274052709341, "value_loss": 100.09806060791016, "policy_entropy": 5.698503017425537, "approxkl": 0.005730966571718454, "clipfrac": 0.07666015625}
{"serial_timesteps": 8192, "nupdates": 4, "total_timesteps": 8192, "fps": 142, "explained_variance": 0.012393951416015625, "eprewmean": -114.91394529411764, "eplenmean": 448.88235294117646, "time_elapsed": 55.38018822669983, "policy_loss": -0.007438960485160351, "value_loss": 21.04494857788086, "policy_entropy": 5.693159103393555, "approxkl": 0.005337460897862911, "clipfrac": 0.06464843451976776}
{"serial_timesteps": 10240, "nupdates": 5, "total_timesteps": 10240, "fps": 134, "explained_variance": 0.12916439771652222, "eprewmean": -113.82109388888888, "eplenmean": 512.8333333333334, "time_elapsed": 71.69636535644531, "policy_loss": -0.009027352556586266, "value_loss": 0.2454957664012909, "policy_entropy": 5.662633419036865, "approxkl": 0.00752967968583107, "clipfrac": 0.10195312649011612}
{"serial_timesteps": 12288, "nupdates": 6, "total_timesteps": 12288, "fps": 124, "explained_variance": -0.02482473850250244, "eprewmean": -112.24650305, "eplenmean": 545.7, "time_elapsed": 89.78261303901672, "policy_loss": -0.00921100564301014, "value_loss": 20.38028907775879, "policy_entropy": 5.5951337814331055, "approxkl": 0.007900236174464226, "clipfrac": 0.09873046725988388}
{"serial_timesteps": 14336, "nupdates": 7, "total_timesteps": 14336, "fps": 119, "explained_variance": 0.02604854106903076, "eprewmean": -110.29156003846153, "eplenmean": 551.3076923076923, "time_elapsed": 108.28487515449524, "policy_loss": -0.007596163544803858, "value_loss": 81.75775146484375, "policy_entropy": 5.5956034660339355, "approxkl": 0.004944777116179466, "clipfrac": 0.05893554538488388}
{"serial_timesteps": 16384, "nupdates": 8, "total_timesteps": 16384, "fps": 105, "explained_variance": -0.031714558601379395, "eprewmean": -109.96655373333333, "eplenmean": 539.2333333333333, "time_elapsed": 129.19880747795105, "policy_loss": -0.0086568184196949, "value_loss": 65.57705688476562, "policy_entropy": 5.6388654708862305, "approxkl": 0.005695012863725424, "clipfrac": 0.06826172024011612}
{"serial_timesteps": 18432, "nupdates": 9, "total_timesteps": 18432, "fps": 103, "explained_variance": 0.27329379320144653, "eprewmean": -109.279812, "eplenmean": 573.4516129032259, "time_elapsed": 150.61702752113342, "policy_loss": -0.012026643380522728, "value_loss": 0.15523317456245422, "policy_entropy": 5.6363725662231445, "approxkl": 0.008701318874955177, "clipfrac": 0.12480469048023224}
{"serial_timesteps": 20480, "nupdates": 10, "total_timesteps": 20480, "fps": 97, "explained_variance": 0.5299134254455566, "eprewmean": -108.749925625, "eplenmean": 605.53125, "time_elapsed": 173.37547183036804, "policy_loss": -0.010968571528792381, "value_loss": 0.1861000955104828, "policy_entropy": 5.55988073348999, "approxkl": 0.00967849139124155, "clipfrac": 0.14145508408546448}
{"serial_timesteps": 22528, "nupdates": 11, "total_timesteps": 22528, "fps": 87, "explained_variance": 0.0323103666305542, "eprewmean": -108.87417158333334, "eplenmean": 459.1875, "time_elapsed": 198.61492133140564, "policy_loss": -0.005612446926534176, "value_loss": 300.39178466796875, "policy_entropy": 5.497882843017578, "approxkl": 0.005281307268887758, "clipfrac": 0.06269530951976776}
{"serial_timesteps": 24576, "nupdates": 12, "total_timesteps": 24576, "fps": 83, "explained_variance": 0.028260648250579834, "eprewmean": -109.23218544262295, "eplenmean": 402.0, "time_elapsed": 225.4124038219452, "policy_loss": -0.007114396430552006, "value_loss": 243.3604278564453, "policy_entropy": 5.532654762268066, "approxkl": 0.005293919704854488, "clipfrac": 0.06132812425494194}
{"serial_timesteps": 26624, "nupdates": 13, "total_timesteps": 26624, "fps": 77, "explained_variance": 0.06555712223052979, "eprewmean": -109.18453274285717, "eplenmean": 380.1714285714286, "time_elapsed": 254.0030961036682, "policy_loss": -0.009663891978561878, "value_loss": 158.27293395996094, "policy_entropy": 5.561957359313965, "approxkl": 0.006309849675744772, "clipfrac": 0.079345703125}
{"serial_timesteps": 28672, "nupdates": 14, "total_timesteps": 28672, "fps": 72, "explained_variance": 0.07658183574676514, "eprewmean": -109.11257736842106, "eplenmean": 375.9078947368421, "time_elapsed": 284.5671236515045, "policy_loss": -0.007859010249376297, "value_loss": 99.98072814941406, "policy_entropy": 5.603458404541016, "approxkl": 0.00464022858068347, "clipfrac": 0.05068359524011612}
{"serial_timesteps": 30720, "nupdates": 15, "total_timesteps": 30720, "fps": 74, "explained_variance": 0.8364527374505997, "eprewmean": -108.79793294805195, "eplenmean": 391.8051948051948, "time_elapsed": 314.7832782268524, "policy_loss": -0.011225310154259205, "value_loss": 0.12919405102729797, "policy_entropy": 5.626541614532471, "approxkl": 0.007407228462398052, "clipfrac": 0.10126952826976776}
{"serial_timesteps": 32768, "nupdates": 16, "total_timesteps": 32768, "fps": 76, "explained_variance": 0.11397337913513184, "eprewmean": -109.2600086385542, "eplenmean": 394.69879518072287, "time_elapsed": 344.04010128974915, "policy_loss": -0.006708905100822449, "value_loss": 77.14830780029297, "policy_entropy": 5.6062397956848145, "approxkl": 0.00529423076659441, "clipfrac": 0.05878906324505806}
{"serial_timesteps": 34816, "nupdates": 17, "total_timesteps": 34816, "fps": 70, "explained_variance": 0.06665271520614624, "eprewmean": -110.03671763829787, "eplenmean": 357.8085106382979, "time_elapsed": 376.095272064209, "policy_loss": -0.005290235858410597, "value_loss": 218.577392578125, "policy_entropy": 5.607029914855957, "approxkl": 0.005840517580509186, "clipfrac": 0.06987304985523224}
{"serial_timesteps": 36864, "nupdates": 18, "total_timesteps": 36864, "fps": 68, "explained_variance": 0.2836419343948364, "eprewmean": -109.38073176041667, "eplenmean": 383.6875, "time_elapsed": 409.05544567108154, "policy_loss": -0.011436627246439457, "value_loss": 0.21893493831157684, "policy_entropy": 5.611039638519287, "approxkl": 0.0071576000191271305, "clipfrac": 0.08916015923023224}
{"serial_timesteps": 38912, "nupdates": 19, "total_timesteps": 38912, "fps": 66, "explained_variance": 0.10094958543777466, "eprewmean": -109.04942066000001, "eplenmean": 386.11, "time_elapsed": 443.2786910533905, "policy_loss": -0.006959675345569849, "value_loss": 56.3858528137207, "policy_entropy": 5.599302291870117, "approxkl": 0.005409153178334236, "clipfrac": 0.06591796875}
{"serial_timesteps": 40960, "nupdates": 20, "total_timesteps": 40960, "fps": 64, "explained_variance": 0.48094111680984497, "eprewmean": -108.74652505, "eplenmean": 401.22, "time_elapsed": 478.7213592529297, "policy_loss": -0.010385842062532902, "value_loss": 0.15197980403900146, "policy_entropy": 5.574597358703613, "approxkl": 0.00705637875944376, "clipfrac": 0.09443359076976776}
{"serial_timesteps": 43008, "nupdates": 21, "total_timesteps": 43008, "fps": 61,