{"serial_timesteps": 2048, "nupdates": 1, "total_timesteps": 2048, "fps": 71, "explained_variance": 0.0006694197654724121, "eprewmean": -270.89024943749996, "eplenmean": 123.0625, "time_elapsed": 28.48062562942505, "policy_loss": -0.0035247192718088627, "value_loss": 1302.884033203125, "policy_entropy": 2.8319928646087646, "approxkl": 0.00271195312961936, "clipfrac": 0.02543945237994194}
{"serial_timesteps": 4096, "nupdates": 2, "total_timesteps": 4096, "fps": 73, "explained_variance": 0.0033915042877197266, "eprewmean": -244.1397206111111, "eplenmean": 111.80555555555556, "time_elapsed": 58.59030604362488, "policy_loss": -0.0032739497255533934, "value_loss": 987.29150390625, "policy_entropy": 2.840508222579956, "approxkl": 0.0023914827033877373, "clipfrac": 0.02578124962747097}
{"serial_timesteps": 6144, "nupdates": 3, "total_timesteps": 6144, "fps": 68, "explained_variance": 0.004153788089752197, "eprewmean": -219.71795038888888, "eplenmean": 113.68518518518519, "time_elapsed": 90.38335728645325, "policy_loss": -0.0035633861552923918, "value_loss": 655.3553466796875, "policy_entropy": 2.8595337867736816, "approxkl": 0.0035956911742687225, "clipfrac": 0.04135742038488388}
{"serial_timesteps": 8192, "nupdates": 4, "total_timesteps": 8192, "fps": 65, "explained_variance": 0.0038354992866516113, "eprewmean": -200.50810153623186, "eplenmean": 116.56521739130434, "time_elapsed": 124.05860996246338, "policy_loss": -0.0014047033619135618, "value_loss": 509.21514892578125, "policy_entropy": 2.8505749702453613, "approxkl": 0.000875334080774337, "clipfrac": 0.0042480467818677425}
{"serial_timesteps": 10240, "nupdates": 5, "total_timesteps": 10240, "fps": 62, "explained_variance": 0.0061054229736328125, "eprewmean": -194.30868293103447, "eplenmean": 117.36781609195403, "time_elapsed": 159.11564755439758, "policy_loss": -0.003861422883346677, "value_loss": 767.978271484375, "policy_entropy": 2.8590738773345947, "approxkl": 0.0031004766933619976, "clipfrac": 0.0341796875}
{"serial_timesteps": 12288, "nupdates": 6, "total_timesteps": 12288, "fps": 59, "explained_variance": 0.0029665231704711914, "eprewmean": -198.32121401999996, "eplenmean": 118.4, "time_elapsed": 196.14957547187805, "policy_loss": -0.0033937704283744097, "value_loss": 910.5340576171875, "policy_entropy": 2.8652236461639404, "approxkl": 0.0018705142429098487, "clipfrac": 0.01840820349752903}
{"serial_timesteps": 14336, "nupdates": 7, "total_timesteps": 14336, "fps": 57, "explained_variance": 0.003926217555999756, "eprewmean": -182.83281763000002, "eplenmean": 120.42, "time_elapsed": 236.1411521434784, "policy_loss": -0.005286165047436953, "value_loss": 735.064453125, "policy_entropy": 2.8641552925109863, "approxkl": 0.005236187484115362, "clipfrac": 0.06914062798023224}
{"serial_timesteps": 16384, "nupdates": 8, "total_timesteps": 16384, "fps": 53, "explained_variance": 0.00940096378326416, "eprewmean": -179.21311982, "eplenmean": 125.5, "time_elapsed": 277.5525724887848, "policy_loss": -0.0026249163784086704, "value_loss": 688.4061279296875, "policy_entropy": 2.8634331226348877, "approxkl": 0.0014968053437769413, "clipfrac": 0.01010742224752903}
{"serial_timesteps": 18432, "nupdates": 9, "total_timesteps": 18432, "fps": 51, "explained_variance": 0.011079549789428711, "eprewmean": -170.71800584000002, "eplenmean": 127.23, "time_elapsed": 320.76679039001465, "policy_loss": -0.002347654430195689, "value_loss": 463.1468200683594, "policy_entropy": 2.864109516143799, "approxkl": 0.002100162673741579, "clipfrac": 0.013232422061264515}
{"serial_timesteps": 20480, "nupdates": 10, "total_timesteps": 20480, "fps": 49, "explained_variance": 0.009839653968811035, "eprewmean": -178.61757590000002, "eplenmean": 132.31, "time_elapsed": 365.64314436912537, "policy_loss": -0.0021274585742503405, "value_loss": 707.0435791015625, "policy_entropy": 2.848203182220459, "approxkl": 0.002106155501678586, "clipfrac": 0.01704101637005806}
{"serial_timesteps": 22528, "nupdates": 11, "total_timesteps": 22528, "fps": 49, "explained_variance": 0.009742438793182373, "eprewmean": -182.50705921999997, "eplenmean": 133.36, "time_elapsed": 410.423712015152, "policy_loss": -0.002956818323582411, "value_loss": 633.4796142578125, "policy_entropy": 2.8400590419769287, "approxkl": 0.0023245345801115036, "clipfrac": 0.01845703087747097}
