{"serial_timesteps": 2048, "nupdates": 1, "total_timesteps": 2048, "fps": 592, "explained_variance": 0.0062482357025146484, "eprewmean": -104.5393815, "eplenmean": 836.0, "time_elapsed": 3.4560976028442383, "policy_loss": -0.012966143898665905, "value_loss": 22.141071319580078, "policy_entropy": 5.692287445068359, "approxkl": 0.009611975401639938, "clipfrac": 0.13056640326976776}
{"serial_timesteps": 4096, "nupdates": 2, "total_timesteps": 4096, "fps": 616, "explained_variance": -0.006818532943725586, "eprewmean": -104.10797428571428, "eplenmean": 506.57142857142856, "time_elapsed": 6.997315168380737, "policy_loss": -0.012353536672890186, "value_loss": 86.03539276123047, "policy_entropy": 5.720490455627441, "approxkl": 0.007613662630319595, "clipfrac": 0.10468749701976776}
{"serial_timesteps": 6144, "nupdates": 3, "total_timesteps": 6144, "fps": 619, "explained_variance": -0.012446403503417969, "eprewmean": -105.30537433333333, "eplenmean": 580.2222222222222, "time_elapsed": 10.500515460968018, "policy_loss": -0.00770611222833395, "value_loss": 23.684518814086914, "policy_entropy": 5.745381832122803, "approxkl": 0.004289140924811363, "clipfrac": 0.04887695237994194}
{"serial_timesteps": 8192, "nupdates": 4, "total_timesteps": 8192, "fps": 602, "explained_variance": -0.010349750518798828, "eprewmean": -105.97741008333333, "eplenmean": 577.75, "time_elapsed": 14.127642631530762, "policy_loss": -0.008563417010009289, "value_loss": 43.630958557128906, "policy_entropy": 5.785447120666504, "approxkl": 0.005776968318969011, "clipfrac": 0.07504882663488388}
{"serial_timesteps": 10240, "nupdates": 5, "total_timesteps": 10240, "fps": 602, "explained_variance": 0.00032836198806762695, "eprewmean": -105.22474893333333, "eplenmean": 679.4666666666667, "time_elapsed": 17.73967146873474, "policy_loss": -0.007895929738879204, "value_loss": 23.089336395263672, "policy_entropy": 5.806008338928223, "approxkl": 0.008465643040835857, "clipfrac": 0.11538086086511612}
{"serial_timesteps": 12288, "nupdates": 6, "total_timesteps": 12288, "fps": 512, "explained_variance": 0.009795606136322021, "eprewmean": -106.53334625000002, "eplenmean": 606.9, "time_elapsed": 22.019429445266724, "policy_loss": -0.010118919424712658, "value_loss": 86.95103454589844, "policy_entropy": 5.793770790100098, "approxkl": 0.005916900932788849, "clipfrac": 0.07309570163488388}
{"serial_timesteps": 14336, "nupdates": 7, "total_timesteps": 14336, "fps": 371, "explained_variance": 0.005357801914215088, "eprewmean": -107.42478336363638, "eplenmean": 627.7727272727273, "time_elapsed": 27.841135025024414, "policy_loss": -0.012894531711935997, "value_loss": 22.999868392944336, "policy_entropy": 5.788048267364502, "approxkl": 0.010539832524955273, "clipfrac": 0.14272460341453552}
{"serial_timesteps": 16384, "nupdates": 8, "total_timesteps": 16384, "fps": 383, "explained_variance": 0.18857300281524658, "eprewmean": -106.54413634782611, "eplenmean": 670.0434782608696, "time_elapsed": 33.40252661705017, "policy_loss": -0.010227431543171406, "value_loss": 0.20775000751018524, "policy_entropy": 5.755207538604736, "approxkl": 0.007268232759088278, "clipfrac": 0.09375}
{"serial_timesteps": 18432, "nupdates": 9, "total_timesteps": 18432, "fps": 421, "explained_variance": -0.014795184135437012, "eprewmean": -106.55239647999998, "eplenmean": 683.72, "time_elapsed": 38.645129442214966, "policy_loss": -0.011030107736587524, "value_loss": 20.846830368041992, "policy_entropy": 5.7151875495910645, "approxkl": 0.007759453263133764, "clipfrac": 0.10561523586511612}
{"serial_timesteps": 20480, "nupdates": 10, "total_timesteps": 20480, "fps": 336, "explained_variance": 0.024112820625305176, "eprewmean": -105.8704594827586, "eplenmean": 705.1034482758621, "time_elapsed": 45.08708643913269, "policy_loss": -0.008052697405219078, "value_loss": 40.231502532958984, "policy_entropy": 5.701805114746094, "approxkl": 0.005692519713193178, "clipfrac": 0.070556640625}
{"serial_timesteps": 22528, "nupdates": 11, "total_timesteps": 22528, "fps": 317, "explained_variance": -0.03370869159698486, "eprewmean": -105.9771936, "eplenmean": 638.1142857142858, "time_elapsed": 52.112762451171875, "policy_loss": -0.011498235166072845, "value_loss": 107.2161636352539, "policy_entropy": 5.71320104598999, "approxkl": 0.007585509214550257, "clipfrac": 0.09418945014476776}
{"serial_timesteps": 24576, "nupdates": 12, "total_timesteps": 24576, "fps": 308, "explained_variance": 0.023628652095794678, "eprewmean": -106.4004851, "eplenmean": 605.65, "time_elapsed": 59.29751181602478, "policy_loss": -0.00800302717834711, "value_loss": 80.66805267333984, "policy_entropy": 5.721337795257568, "approxkl": 0.0048116398975253105, "clipfrac": 0.05229492112994194}
{"serial_timesteps": 26624, "nupdates": 13, "total_timesteps": 26624, "fps": 308, "explained_variance": 0.031045198440551758, "eprewmean": -106.12253917021276, "eplenmean": 560.8297872340426, "time_elapsed": 66.44562983512878, "policy_loss": -0.007794668432325125, "value_loss": 118.23960876464844, "policy_entropy": 5.704474925994873, "approxkl": 0.004686497617512941, "clipfrac": 0.04946289211511612}
{"serial_timesteps": 28672, "nupdates": 14, "total_timesteps": 28672, "fps": 268, "explained_variance": 0.0062830448150634766, "eprewmean": -107.6401196862745, "eplenmean": 549.4509803921569, "time_elapsed": 74.61721849441528, "policy_loss": -0.008910543285310268, "value_loss": 80.36673736572266, "policy_entropy": 5.706145763397217, "approxkl": 0.0065912590362131596, "clipfrac": 0.08549804985523224}
{"serial_timesteps": 30720, "nupdates": 15, "total_timesteps": 30720, "fps": 245, "explained_variance": 0.15330302715301514, "eprewmean": -107.86950403846153, "eplenmean": 569.6538461538462, "time_elapsed": 83.70492768287659, "policy_loss": -0.011337506584823132, "value_loss": 0.17142032086849213, "policy_entropy": 5.713695049285889, "approxkl": 0.008262259885668755, "clipfrac": 0.116455078125}
{"serial_timesteps": 32768, "nupdates": 16, "total_timesteps": 32768, "fps": 238, "explained_variance": 0.45943665504455566, "eprewmean": -108.02121103773582, "eplenmean": 589.0943396226415, "time_elapsed": 92.99051284790039, "policy_loss": -0.011425336822867393, "value_loss": 0.15293988585472107, "policy_entropy": 5.653191566467285, "approxkl": 0.0071896896697580814, "clipfrac": 0.09389648586511612}
{"serial_timesteps": 34816, "nupdates": 17, "total_timesteps": 34816, "fps": 225, "explained_variance": -0.08874154090881348, "eprewmean": -108.36478913559323, "eplenmean": 589.8813559322034, "time_elapsed": 102.82784652709961, "policy_loss": -0.009527226909995079, "value_loss": 87.49768829345703, "policy_entropy": 5.641979217529297, "approxkl": 0.006205317564308643, "clipfrac": 0.07041015475988388}
{"serial_timesteps": 36864, "nupdates": 18, "total_timesteps": 36864, "fps": 207, "explained_variance": 0.07744240760803223, "eprewmean": -107.9471475737705, "eplenmean": 603.5245901639345, "time_elapsed": 113.57470726966858, "policy_loss": -0.0051547870971262455, "value_loss": 18.753381729125977, "policy_entropy": 5.676252365112305, "approxkl": 0.0047810738906264305, "clipfrac": 0.05615234375}
{"serial_timesteps": 38912, "nupdates": 19, "total_timesteps": 38912, "fps": 210, "explained_variance": 0.041350603103637695, "eprewmean": -109.03823030769232, "eplenmean": 591.4615384615385, "time_elapsed": 124.27403092384338, "policy_loss": -0.007893462665379047, "value_loss": 78.46404266357422, "policy_entropy": 5.6691575050354, "approxkl": 0.006644188426434994, "clipfrac": 0.08662109076976776}
{"serial_timesteps": 40960, "nupdates": 20, "total_timesteps": 40960, "fps": 189, "explained_variance": 0.27427399158477783, "eprewmean": -108.62754221212121, "eplenmean": 606.7424242424242, "time_elapsed": 135.99584078788757, "policy_loss": -0.010043276473879814, "value_loss": 0.1760137528181076, "policy_entropy": 5.691198825836182, "approxkl": 0.00777624174952507, "clipfrac": 0.1015625}
{"serial_timesteps": 43008, "nupdates": 21,