{"serial_timesteps": 2048, "nupdates": 1, "total_timesteps": 2048, "fps": 55, "explained_variance": -0.005505800247192383, "eprewmean": -196.51295500000003, "eplenmean": 105.84210526315789, "time_elapsed": 37.17790675163269, "policy_loss": -0.008280603215098381, "value_loss": 963.0001831054688, "policy_entropy": 2.824836254119873, "approxkl": 0.005584483500570059, "clipfrac": 0.06479492038488388}
{"serial_timesteps": 4096, "nupdates": 2, "total_timesteps": 4096, "fps": 54, "explained_variance": -0.002379775047302246, "eprewmean": -171.2267660263158, "eplenmean": 105.55263157894737, "time_elapsed": 77.78308153152466, "policy_loss": -0.0031451047398149967, "value_loss": 633.9929809570312, "policy_entropy": 2.800014019012451, "approxkl": 0.0026698920410126448, "clipfrac": 0.026123046875}
{"serial_timesteps": 6144, "nupdates": 3, "total_timesteps": 6144, "fps": 52, "explained_variance": -0.011553287506103516, "eprewmean": -180.95878050000002, "eplenmean": 109.48214285714286, "time_elapsed": 119.38700985908508, "policy_loss": -0.0032059834338724613, "value_loss": 807.1502685546875, "policy_entropy": 2.7737324237823486, "approxkl": 0.0018546197097748518, "clipfrac": 0.01474609412252903}
{"serial_timesteps": 8192, "nupdates": 4, "total_timesteps": 8192, "fps": 53, "explained_variance": -0.00739288330078125, "eprewmean": -170.10109808, "eplenmean": 107.94666666666667, "time_elapsed": 160.5254693031311, "policy_loss": -0.00254541402682662, "value_loss": 646.9069213867188, "policy_entropy": 2.765430450439453, "approxkl": 0.0014392146840691566, "clipfrac": 0.008740234188735485}
{"serial_timesteps": 10240, "nupdates": 5, "total_timesteps": 10240, "fps": 44, "explained_variance": -0.010526895523071289, "eprewmean": -167.96997860465115, "eplenmean": 118.0, "time_elapsed": 209.49560070037842, "policy_loss": -0.0035252347588539124, "value_loss": 459.1754455566406, "policy_entropy": 2.750615358352661, "approxkl": 0.0014076533261686563, "clipfrac": 0.01083984412252903}
