{"serial_timesteps": 2048, "nupdates": 1, "total_timesteps": 2048, "fps": 100, "explained_variance": -0.09708714485168457, "eprewmean": -144.233549, "eplenmean": 2000.0, "time_elapsed": 20.479716062545776, "policy_loss": -0.013854709453880787, "value_loss": 0.8248430490493774, "policy_entropy": 5.649641513824463, "approxkl": 0.008624749258160591, "clipfrac": 0.12143554538488388}
{"serial_timesteps": 4096, "nupdates": 2, "total_timesteps": 4096, "fps": 101, "explained_variance": 0.0032439827919006348, "eprewmean": -126.02566833333333, "eplenmean": 1364.6666666666667, "time_elapsed": 42.159668922424316, "policy_loss": -0.009075419045984745, "value_loss": 21.997859954833984, "policy_entropy": 5.641164779663086, "approxkl": 0.0045965746976435184, "clipfrac": 0.05419921875}
{"serial_timesteps": 6144, "nupdates": 3, "total_timesteps": 6144, "fps": 96, "explained_variance": 0.008659660816192627, "eprewmean": -124.2177752, "eplenmean": 1227.6, "time_elapsed": 64.69809365272522, "policy_loss": -0.010003950446844101, "value_loss": 22.43075942993164, "policy_entropy": 5.697029113769531, "approxkl": 0.005500846542418003, "clipfrac": 0.06650390475988388}
{"serial_timesteps": 8192, "nupdates": 4, "total_timesteps": 8192, "fps": 87, "explained_variance": 0.011865854263305664, "eprewmean": -117.84780328571428, "eplenmean": 893.5714285714286, "time_elapsed": 89.71072697639465, "policy_loss": -0.008243340067565441, "value_loss": 41.49972152709961, "policy_entropy": 5.748939514160156, "approxkl": 0.004412307403981686, "clipfrac": 0.05097656324505806}
{"serial_timesteps": 10240, "nupdates": 5, "total_timesteps": 10240, "fps": 84, "explained_variance": 0.11791598796844482, "eprewmean": -119.80277487500001, "eplenmean": 1031.875, "time_elapsed": 115.5500807762146, "policy_loss": -0.010300696827471256, "value_loss": 0.5022966265678406, "policy_entropy": 5.743455410003662, "approxkl": 0.008159112185239792, "clipfrac": 0.10791015625}
{"serial_timesteps": 12288, "nupdates": 6, "total_timesteps": 12288, "fps": 77, "explained_variance": 0.11730045080184937, "eprewmean": -122.16096320000001, "eplenmean": 1225.5, "time_elapsed": 144.71530771255493, "policy_loss": -0.012493805959820747, "value_loss": 0.25507408380508423, "policy_entropy": 5.647547721862793, "approxkl": 0.00995601061731577, "clipfrac": 0.13608399033546448}
{"serial_timesteps": 14336, "nupdates": 7, "total_timesteps": 14336, "fps": 72, "explained_variance": 0.29641294479370117, "eprewmean": -123.13600972727274, "eplenmean": 1295.909090909091, "time_elapsed": 174.87927961349487, "policy_loss": -0.009104589931666851, "value_loss": 0.23330001533031464, "policy_entropy": 5.586857795715332, "approxkl": 0.00664510065689683, "clipfrac": 0.08232422173023224}
{"serial_timesteps": 16384, "nupdates": 8, "total_timesteps": 16384, "fps": 73, "explained_variance": -0.013253331184387207, "eprewmean": -122.24804846153847, "eplenmean": 1259.2307692307693, "time_elapsed": 204.80339407920837, "policy_loss": -0.005259098019450903, "value_loss": 20.381065368652344, "policy_entropy": 5.555416584014893, "approxkl": 0.004936251789331436, "clipfrac": 0.05620117112994194}
{"serial_timesteps": 18432, "nupdates": 9, "total_timesteps": 18432, "fps": 74, "explained_variance": -0.03286159038543701, "eprewmean": -125.85071133333334, "eplenmean": 1188.4, "time_elapsed": 234.29530549049377, "policy_loss": -0.009710648097097874, "value_loss": 42.770652770996094, "policy_entropy": 5.585954189300537, "approxkl": 0.008606413379311562, "clipfrac": 0.11372070014476776}
{"serial_timesteps": 20480, "nupdates": 10, "total_timesteps": 20480, "fps": 68, "explained_variance": 0.31169986724853516, "eprewmean": -125.60162700000001, "eplenmean": 1239.125, "time_elapsed": 266.35613322257996, "policy_loss": -0.008623846806585789, "value_loss": 0.19567380845546722, "policy_entropy": 5.561485767364502, "approxkl": 0.006554001476615667, "clipfrac": 0.08266601711511612}
{"serial_timesteps": 22528, "nupdates": 11, "total_timesteps": 22528, "fps": 67, "explained_variance": 0.03499835729598999, "eprewmean": -131.16743617647057, "eplenmean": 1280.7058823529412, "time_elapsed": 299.3378369808197, "policy_loss": -0.0070329830050468445, "value_loss": 19.59621810913086, "policy_entropy": 5.508788108825684, "approxkl": 0.007257675286382437, "clipfrac": 0.09165038913488388}
{"serial_timesteps": 24576, "nupdates": 12, "total_timesteps": 24576, "fps": 63, "explained_variance": 0.1722467541694641, "eprewmean": -130.4106535, "eplenmean": 1320.6666666666667, "time_elapsed": 334.3810701370239, "policy_loss": -0.006964662112295628, "value_loss": 0.10444611310958862, "policy_entropy": 5.47491455078125, "approxkl": 0.005648802500218153, "clipfrac": 0.06264648586511612}
{"serial_timesteps": 26624, "nupdates": 13, "total_timesteps": 26624, "fps": 59, "explained_variance": 0.029211223125457764, "eprewmean": -129.3947168, "eplenmean": 1050.0, "time_elapsed": 371.35149121284485, "policy_loss": -0.010017418302595615, "value_loss": 140.4933624267578, "policy_entropy": 5.435827732086182, "approxkl": 0.006054877303540707, "clipfrac": 0.077880859375}
{"serial_timesteps": 28672, "nupdates": 14, "total_timesteps": 28672, "fps": 59, "explained_variance": 0.047422707080841064, "eprewmean": -130.13678900000002, "eplenmean": 1045.6153846153845, "time_elapsed": 409.1444387435913, "policy_loss": -0.005713853985071182, "value_loss": 19.05173110961914, "policy_entropy": 5.470316410064697, "approxkl": 0.0054942243732512, "clipfrac": 0.06625976413488388}
{"serial_timesteps": 30720, "nupdates": 15, "total_timesteps": 30720, "fps": 55, "explained_variance": -0.240830659866333, "eprewmean": -129.7701487857143, "eplenmean": 1045.25, "time_elapsed": 449.60288095474243, "policy_loss": -0.006287804339081049, "value_loss": 24.49245834350586, "policy_entropy": 5.533957481384277, "approxkl": 0.003601269330829382, "clipfrac": 0.03095703199505806}
{"serial_timesteps": 32768, "nupdates": 16, "total_timesteps": 32768, "fps": 52, "explained_variance": 0.35346078872680664, "eprewmean": -129.94596606896553, "eplenmean": 1078.1724137931035, "time_elapsed": 492.32350969314575, "policy_loss": -0.011025112122297287, "value_loss": 0.11799009144306183, "policy_entropy": 5.5174713134765625, "approxkl": 0.009099946357309818, "clipfrac": 0.12739257514476776}
{"serial_timesteps": 34816, "nupdates": 17, "total_timesteps": 34816, "fps": 50, "explained_variance": 0.04631674289703369, "eprewmean": -128.3398285, "eplenmean": 1045.8125, "time_elapsed": 536.6342809200287, "policy_loss": -0.006429009139537811, "value_loss": 37.8284797668457, "policy_entropy": 5.469564914703369, "approxkl": 0.005329493433237076, "clipfrac": 0.0576171875}
{"serial_timesteps": 36864, "nupdates": 18, "total_timesteps": 36864, "fps": 50, "explained_variance": -0.04921269416809082, "eprewmean": -128.0541900588235, "eplenmean": 1044.8529411764705, "time_elapsed": 581.4503514766693, "policy_loss": -0.006654688157141209, "value_loss": 21.499446868896484, "policy_entropy": 5.469502925872803, "approxkl": 0.006295832805335522, "clipfrac": 0.08144531399011612}
{"serial_timesteps": 38912, "nupdates": 19, "total_timesteps": 38912, "fps": 49, "explained_variance": 0.04617166519165039, "eprewmean": -129.14701630555552, "eplenmean": 1073.4444444444443, "time_elapsed": 627.5154247283936, "policy_loss": -0.004946262110024691, "value_loss": 18.469594955444336, "policy_entropy": 5.491457939147949, "approxkl": 0.0043570734560489655, "clipfrac": 0.05195312574505806}
{"serial_timesteps": 40960, "nupdates": 20, "total_timesteps": 40960, "fps": 52, "explained_variance": 0.05932295322418213, "eprewmean": -129.93153308108106, "eplenmean": 1073.6486486486488, "time_elapsed": 671.1802732944489, "policy_loss": -0.008317959494888783, "value_loss": 18.241764068603516, "policy_entropy": 5.478217124938965, "approxkl": 0.00676509877666831, "clipfrac": 0.08486328274011612}
