{"serial_timesteps": 2048, "nupdates": 1, "total_timesteps": 2048, "fps": 754, "explained_variance": 0.008098304271697998, "eprewmean": -107.08692285714285, "eplenmean": 292.2857142857143, "time_elapsed": 2.7201144695281982, "policy_loss": -0.011020490899682045, "value_loss": 130.93402099609375, "policy_entropy": 5.71250581741333, "approxkl": 0.0057573337107896805, "clipfrac": 0.07011719048023224}
{"serial_timesteps": 4096, "nupdates": 2, "total_timesteps": 4096, "fps": 916, "explained_variance": -0.010767340660095215, "eprewmean": -108.801528, "eplenmean": 363.09090909090907, "time_elapsed": 5.127159595489502, "policy_loss": -0.010210295207798481, "value_loss": 65.85099029541016, "policy_entropy": 5.749842643737793, "approxkl": 0.004765033721923828, "clipfrac": 0.05419921875}
{"serial_timesteps": 6144, "nupdates": 3, "total_timesteps": 6144, "fps": 911, "explained_variance": -0.172371506690979, "eprewmean": -109.002494, "eplenmean": 466.1666666666667, "time_elapsed": 7.3793134689331055, "policy_loss": -0.01036042533814907, "value_loss": 0.4989219605922699, "policy_entropy": 5.766575336456299, "approxkl": 0.007084219250828028, "clipfrac": 0.09423828125}
{"serial_timesteps": 8192, "nupdates": 4, "total_timesteps": 8192, "fps": 929, "explained_variance": -0.02205038070678711, "eprewmean": -108.96527021428571, "eplenmean": 518.1428571428571, "time_elapsed": 9.588096380233765, "policy_loss": -0.006334871053695679, "value_loss": 22.781211853027344, "policy_entropy": 5.760488510131836, "approxkl": 0.006013704463839531, "clipfrac": 0.07626952975988388}
{"serial_timesteps": 10240, "nupdates": 5, "total_timesteps": 10240, "fps": 932, "explained_variance": -0.003512859344482422, "eprewmean": -109.4464917647059, "eplenmean": 539.7647058823529, "time_elapsed": 11.789950370788574, "policy_loss": -0.006974929478019476, "value_loss": 44.49113845825195, "policy_entropy": 5.812013149261475, "approxkl": 0.004663684405386448, "clipfrac": 0.05820312350988388}
{"serial_timesteps": 12288, "nupdates": 6, "total_timesteps": 12288, "fps": 933, "explained_variance": -0.020247220993041992, "eprewmean": -109.25910175000001, "eplenmean": 546.4, "time_elapsed": 13.98975658416748, "policy_loss": -0.007849564775824547, "value_loss": 44.31867218017578, "policy_entropy": 5.861382484436035, "approxkl": 0.0053537338972091675, "clipfrac": 0.06245117262005806}
{"serial_timesteps": 14336, "nupdates": 7, "total_timesteps": 14336, "fps": 925, "explained_variance": 0.47516101598739624, "eprewmean": -109.24245071428574, "eplenmean": 596.5714285714286, "time_elapsed": 16.20764994621277, "policy_loss": -0.012353811413049698, "value_loss": 0.3077310621738434, "policy_entropy": 5.859762191772461, "approxkl": 0.007412231061607599, "clipfrac": 0.0986328125}
{"serial_timesteps": 16384, "nupdates": 8, "total_timesteps": 16384, "fps": 919, "explained_variance": 0.055906474590301514, "eprewmean": -109.61842830434783, "eplenmean": 616.1739130434783, "time_elapsed": 18.441807508468628, "policy_loss": -0.0066403672099113464, "value_loss": 21.174442291259766, "policy_entropy": 5.816395282745361, "approxkl": 0.005655584391206503, "clipfrac": 0.06982421875}
{"serial_timesteps": 18432, "nupdates": 9, "total_timesteps": 18432, "fps": 927, "explained_variance": 0.5606023073196411, "eprewmean": -110.07581245833335, "eplenmean": 657.1666666666666, "time_elapsed": 20.65607786178589, "policy_loss": -0.012251396663486958, "value_loss": 0.47372332215309143, "policy_entropy": 5.815638065338135, "approxkl": 0.007708364631980658, "clipfrac": 0.10209961235523224}
{"serial_timesteps": 20480, "nupdates": 10, "total_timesteps": 20480, "fps": 920, "explained_variance": -0.01095283031463623, "eprewmean": -110.836064, "eplenmean": 649.2592592592592, "time_elapsed": 22.888116598129272, "policy_loss": -0.007959025911986828, "value_loss": 43.70078659057617, "policy_entropy": 5.751832485198975, "approxkl": 0.0060907406732439995, "clipfrac": 0.068359375}
{"serial_timesteps": 22528, "nupdates": 11, "total_timesteps": 22528, "fps": 927, "explained_variance": 0.039245426654815674, "eprewmean": -111.21725173333333, "eplenmean": 642.1333333333333, "time_elapsed": 25.101447820663452, "policy_loss": -0.008358573541045189, "value_loss": 42.60884475708008, "policy_entropy": 5.7693634033203125, "approxkl": 0.007752695120871067, "clipfrac": 0.10263671725988388}
{"serial_timesteps": 24576, "nupdates": 12, "total_timesteps": 24576, "fps": 916, "explained_variance": -0.00306546688079834, "eprewmean": -111.12748664705883, "eplenmean": 619.7352941176471, "time_elapsed": 27.343331336975098, "policy_loss": -0.008198356255888939, "value_loss": 62.417388916015625, "policy_entropy": 5.8105363845825195, "approxkl": 0.005754157435148954, "clipfrac": 0.06757812201976776}
{"serial_timesteps": 26624, "nupdates": 13, "total_timesteps": 26624, "fps": 925, "explained_variance": 0.047675371170043945, "eprewmean": -111.22475469444446, "eplenmean": 632.3055555555555, "time_elapsed": 29.562429428100586, "policy_loss": -0.007828116416931152, "value_loss": 20.30743408203125, "policy_entropy": 5.8461151123046875, "approxkl": 0.0045168520882725716, "clipfrac": 0.04985351487994194}
{"serial_timesteps": 28672, "nupdates": 14, "total_timesteps": 28672, "fps": 921, "explained_variance": -0.03266477584838867, "eprewmean": -111.7689973902439, "eplenmean": 600.5365853658536, "time_elapsed": 31.79021978378296, "policy_loss": -0.008189359679818153, "value_loss": 85.83546447753906, "policy_entropy": 5.830880165100098, "approxkl": 0.005927479825913906, "clipfrac": 0.07333984225988388}
{"serial_timesteps": 30720, "nupdates": 15, "total_timesteps": 30720, "fps": 916, "explained_variance": -0.011822342872619629, "eprewmean": -111.97242776744184, "eplenmean": 612.5348837209302, "time_elapsed": 34.03056311607361, "policy_loss": -0.010046927258372307, "value_loss": 21.124122619628906, "policy_entropy": 5.829441547393799, "approxkl": 0.006111734546720982, "clipfrac": 0.070556640625}
{"serial_timesteps": 32768, "nupdates": 16, "total_timesteps": 32768, "fps": 916, "explained_variance": -0.13380134105682373, "eprewmean": -112.46808444444443, "eplenmean": 623.6, "time_elapsed": 36.27136945724487, "policy_loss": -0.0072670006193220615, "value_loss": 23.074138641357422, "policy_entropy": 5.874485969543457, "approxkl": 0.006330003030598164, "clipfrac": 0.08369140326976776}
{"serial_timesteps": 34816, "nupdates": 17, "total_timesteps": 34816, "fps": 910, "explained_variance": -0.013050079345703125, "eprewmean": -112.4372597254902, "eplenmean": 590.0, "time_elapsed": 38.52703309059143, "policy_loss": -0.008352456614375114, "value_loss": 100.2774887084961, "policy_entropy": 5.926152229309082, "approxkl": 0.0048262495547533035, "clipfrac": 0.05742187425494194}
{"serial_timesteps": 36864, "nupdates": 18, "total_timesteps": 36864, "fps": 877, "explained_variance": -0.1056596040725708, "eprewmean": -112.9412665, "eplenmean": 591.0555555555555, "time_elapsed": 40.8681800365448, "policy_loss": -0.010724550113081932, "value_loss": 44.70979690551758, "policy_entropy": 5.941039085388184, "approxkl": 0.006034473888576031, "clipfrac": 0.067626953125}
{"serial_timesteps": 38912, "nupdates": 19, "total_timesteps": 38912, "fps": 893, "explained_variance": 0.5409951210021973, "eprewmean": -113.08283272727273, "eplenmean": 609.4, "time_elapsed": 43.165831089019775, "policy_loss": -0.007419866975396872, "value_loss": 0.16459116339683533, "policy_entropy": 5.880785942077637, "approxkl": 0.004923633299767971, "clipfrac": 0.05327148362994194}
{"serial_timesteps": 40960, "nupdates": 20, "total_timesteps": 40960, "fps": 895, "explained_variance": -0.05547332763671875, "eprewmean": -113.2032060677966, "eplenmean": 600.2542372881356, "time_elapsed": 45.4601035118103, "policy_loss": -0.008457506075501442, "value_loss": 63.156158447265625, "policy_entropy": 5.849935531616211, "approxkl": 0.004198720213025808, "clipfrac": 0.04521484300494194}
{"serial_timesteps": 43008, "nupdates": 21, "total_timesteps": 43008,