{"serial_timesteps": 2048, "nupdates": 1, "total_timesteps": 2048, "fps": 52, "explained_variance": -0.0004121065139770508, "eprewmean": -271.74531188235295, "eplenmean": 110.94117647058823, "time_elapsed": 39.01738739013672, "policy_loss": -0.004157179035246372, "value_loss": 1071.2642822265625, "policy_entropy": 2.832793712615967, "approxkl": 0.00321088801138103, "clipfrac": 0.03383789211511612}
{"serial_timesteps": 4096, "nupdates": 2, "total_timesteps": 4096, "fps": 53, "explained_variance": -0.0023502111434936523, "eprewmean": -230.7377006111111, "eplenmean": 111.33333333333333, "time_elapsed": 80.3950686454773, "policy_loss": -0.0008996135438792408, "value_loss": 782.3864135742188, "policy_entropy": 2.829324722290039, "approxkl": 0.0002696824667509645, "clipfrac": 0.0003417968691792339}
{"serial_timesteps": 6144, "nupdates": 3, "total_timesteps": 6144, "fps": 70, "explained_variance": 0.00037986040115356445, "eprewmean": -216.89580903571428, "eplenmean": 108.25, "time_elapsed": 112.15562891960144, "policy_loss": -0.005692153237760067, "value_loss": 886.1624145507812, "policy_entropy": 2.8301055431365967, "approxkl": 0.0031323935836553574, "clipfrac": 0.037109375}
