{"serial_timesteps": 1000, "nupdates": 1, "total_timesteps": 1000, "fps": 23, "explained_variance": 0.0017120838165283203, "eprewmean": -120.26622325, "eplenmean": 249.5, "time_elapsed": 49.3053719997406, "policy_loss": -0.061575308442115784, "value_loss": 185.73138427734375, "policy_entropy": 5.627401351928711, "approxkl": 0.02901422418653965, "clipfrac": 0.31601956486701965}
{"serial_timesteps": 2000, "nupdates": 2, "total_timesteps": 2000, "fps": 25, "explained_variance": 0.26686280965805054, "eprewmean": -120.26622325, "eplenmean": 249.5, "time_elapsed": 89.37060022354126, "policy_loss": -0.09740611165761948, "value_loss": 0.9628999829292297, "policy_entropy": 5.504786491394043, "approxkl": 0.039144132286310196, "clipfrac": 0.4746728241443634}
{"serial_timesteps": 3000, "nupdates": 3, "total_timesteps": 3000, "fps": 26, "explained_variance": 0.3220371603965759, "eprewmean": -127.4029098, "eplenmean": 599.6, "time_elapsed": 126.77173209190369, "policy_loss": -0.11092886328697205, "value_loss": 0.775833785533905, "policy_entropy": 5.324110984802246, "approxkl": 0.057950232177972794, "clipfrac": 0.5353509783744812}
{"serial_timesteps": 4000, "nupdates": 4, "total_timesteps": 4000, "fps": 27, "explained_variance": 0.2388555407524109, "eprewmean": -127.4029098, "eplenmean": 599.6, "time_elapsed": 163.00941705703735, "policy_loss": -0.09297630190849304, "value_loss": 0.6297141909599304, "policy_entropy": 5.13512659072876, "approxkl": 0.058517470955848694, "clipfrac": 0.5191701650619507}
{"serial_timesteps": 5000, "nupdates": 5, "total_timesteps": 5000, "fps": 27, "explained_variance": -0.04588043689727783, "eprewmean": -132.21880016666668, "eplenmean": 833.0, "time_elapsed": 199.15529108047485, "policy_loss": -0.08969980478286743, "value_loss": 0.4714890420436859, "policy_entropy": 5.0014543533325195, "approxkl": 0.067870132625103, "clipfrac": 0.4861980080604553}
{"serial_timesteps": 6000, "nupdates": 6, "total_timesteps": 6000, "fps": 27, "explained_variance": 0.014318883419036865, "eprewmean": -128.81882585714285, "eplenmean": 719.8571428571429, "time_elapsed": 235.57164788246155, "policy_loss": -0.04624457284808159, "value_loss": 44.69890594482422, "policy_entropy": 4.849875450134277, "approxkl": 0.028233995661139488, "clipfrac": 0.3970840573310852}
{"serial_timesteps": 7000, "nupdates": 7, "total_timesteps": 7000, "fps": 27, "explained_variance": -0.4090362787246704, "eprewmean": -128.81882585714285, "eplenmean": 719.8571428571429, "time_elapsed": 271.98970198631287, "policy_loss": -0.09844203293323517, "value_loss": 0.27529585361480713, "policy_entropy": 4.751616477966309, "approxkl": 0.09419453144073486, "clipfrac": 0.5074679851531982}
{"serial_timesteps": 8000, "nupdates": 8, "total_timesteps": 8000, "fps": 28, "explained_variance": 0.22107338905334473, "eprewmean": -131.95494675, "eplenmean": 879.875, "time_elapsed": 307.93790888786316, "policy_loss": -0.09078344702720642, "value_loss": 0.2910447418689728, "policy_entropy": 4.635591506958008, "approxkl": 0.06598503887653351, "clipfrac": 0.5500252842903137}
{"serial_timesteps": 9000, "nupdates": 9, "total_timesteps": 9000, "fps": 27, "explained_variance": -0.741706371307373, "eprewmean": -131.95494675, "eplenmean": 879.875, "time_elapsed": 344.1806740760803, "policy_loss": -0.10266569256782532, "value_loss": 0.18713591992855072, "policy_entropy": 4.507437705993652, "approxkl": 0.07436376065015793, "clipfrac": 0.5421389937400818}
{"serial_timesteps": 10000, "nupdates": 10, "total_timesteps": 10000, "fps": 27, "explained_variance": 0.015126585960388184, "eprewmean": -130.575016, "eplenmean": 908.4, "time_elapsed": 380.6107380390167, "policy_loss": -0.05280768498778343, "value_loss": 43.325138092041016, "policy_entropy": 4.3036932945251465, "approxkl": 0.046885956078767776, "clipfrac": 0.49722379446029663}
