{"serial_timesteps": 2048, "nupdates": 1, "total_timesteps": 2048, "fps": 69, "explained_variance": 0.0007861852645874023, "eprewmean": -262.83545894117646, "eplenmean": 115.6470588235294, "time_elapsed": 29.369147300720215, "policy_loss": -0.00631661107763648, "value_loss": 1248.482177734375, "policy_entropy": 2.82867169380188, "approxkl": 0.00481671467423439, "clipfrac": 0.053466796875}
{"serial_timesteps": 4096, "nupdates": 2, "total_timesteps": 4096, "fps": 61, "explained_variance": 0.002300083637237549, "eprewmean": -248.92746659375, "eplenmean": 127.875, "time_elapsed": 65.06935334205627, "policy_loss": -0.0023789633996784687, "value_loss": 1066.650146484375, "policy_entropy": 2.8214385509490967, "approxkl": 0.0013430430553853512, "clipfrac": 0.00839843787252903}
{"serial_timesteps": 6144, "nupdates": 3, "total_timesteps": 6144, "fps": 65, "explained_variance": -0.009888052940368652, "eprewmean": -224.07918473469388, "eplenmean": 124.83673469387755, "time_elapsed": 98.56284165382385, "policy_loss": -0.003685715375468135, "value_loss": 628.721923828125, "policy_entropy": 2.7987167835235596, "approxkl": 0.002271092962473631, "clipfrac": 0.02109375037252903}
{"serial_timesteps": 8192, "nupdates": 4, "total_timesteps": 8192, "fps": 60, "explained_variance": -0.0063152313232421875, "eprewmean": -204.4205223636364, "eplenmean": 124.0, "time_elapsed": 134.58989691734314, "policy_loss": -0.0031811886001378298, "value_loss": 538.3336181640625, "policy_entropy": 2.7876696586608887, "approxkl": 0.0029401779174804688, "clipfrac": 0.0244140625}
{"serial_timesteps": 10240, "nupdates": 5, "total_timesteps": 10240, "fps": 58, "explained_variance": -0.006002902984619141, "eprewmean": -198.3185962261905, "eplenmean": 120.64285714285714, "time_elapsed": 171.90996742248535, "policy_loss": -0.004571844357997179, "value_loss": 632.9769287109375, "policy_entropy": 2.785428285598755, "approxkl": 0.004188184626400471, "clipfrac": 0.05161132663488388}
{"serial_timesteps": 12288, "nupdates": 6, "total_timesteps": 12288, "fps": 56, "explained_variance": -0.0069190263748168945, "eprewmean": -189.09852079000004, "eplenmean": 120.54, "time_elapsed": 210.92043089866638, "policy_loss": -0.0026282675098627806, "value_loss": 614.7726440429688, "policy_entropy": 2.7938592433929443, "approxkl": 0.0014416573103517294, "clipfrac": 0.00966796837747097}
{"serial_timesteps": 14336, "nupdates": 7, "total_timesteps": 14336, "fps": 55, "explained_variance": -0.0012822151184082031, "eprewmean": -173.78657084, "eplenmean": 122.38, "time_elapsed": 252.57474827766418, "policy_loss": -0.0027030319906771183, "value_loss": 572.3172607421875, "policy_entropy": 2.7689242362976074, "approxkl": 0.002161430660635233, "clipfrac": 0.01645507849752903}
{"serial_timesteps": 16384, "nupdates": 8, "total_timesteps": 16384, "fps": 55, "explained_variance": 0.0022841691970825195, "eprewmean": -159.06009082999998, "eplenmean": 115.53, "time_elapsed": 292.7070755958557, "policy_loss": -0.0014434109907597303, "value_loss": 695.5499877929688, "policy_entropy": 2.749565601348877, "approxkl": 0.0019498581532388926, "clipfrac": 0.012011718936264515}
{"serial_timesteps": 18432, "nupdates": 9, "total_timesteps": 18432, "fps": 50, "explained_variance": 0.0052710771560668945, "eprewmean": -165.74779519, "eplenmean": 120.2, "time_elapsed": 336.55617690086365, "policy_loss": -0.0037127777468413115, "value_loss": 913.7977294921875, "policy_entropy": 2.723029613494873, "approxkl": 0.004652250092476606, "clipfrac": 0.05747070163488388}
{"serial_timesteps": 20480, "nupdates": 10, "total_timesteps": 20480, "fps": 50, "explained_variance": 0.005571126937866211, "eprewmean": -156.91555178000002, "eplenmean": 117.83, "time_elapsed": 380.64168310165405, "policy_loss": -0.0022854867856949568, "value_loss": 287.34466552734375, "policy_entropy": 2.7077531814575195, "approxkl": 0.003102932358160615, "clipfrac": 0.022705078125}
